card_id,anki_note_id,ord
1773419770401,1773419770400,0
1773419770402,1773419770400,1
1773419770404,1773419770403,0
1773419770405,1773419770403,1
1773419770407,1773419770406,0
1773419770408,1773419770406,1
1773419770410,1773419770409,0
1773419770411,1773419770409,1
1773419770413,1773419770412,0
1773419770414,1773419770412,1
1773419770416,1773419770415,0
1773419770417,1773419770415,1
1773419770419,1773419770418,0
1773419770420,1773419770418,1
1773419770422,1773419770421,0
1773419770423,1773419770421,1
1773419770425,1773419770424,0
1773419770426,1773419770424,1
1773419770428,1773419770427,0
1773419770429,1773419770427,1
1773419770431,1773419770430,0
1773419770432,1773419770430,1
1773419770434,1773419770433,0
1773419770435,1773419770433,1
1773419770437,1773419770436,0
1773419770438,1773419770436,1
1773419770440,1773419770439,0
1773419770441,1773419770439,1
1773419770443,1773419770442,0
1773419770444,1773419770442,1
1773419770446,1773419770445,0
1773419770447,1773419770445,1
1773419770449,1773419770448,0
1773419770450,1773419770448,1
1773419770452,1773419770451,0
1773419770453,1773419770451,1
1773419770455,1773419770454,0
1773419770456,1773419770454,1
1773419770458,1773419770457,0
1773419770459,1773419770457,1
1773419770461,1773419770460,0
1773419770462,1773419770460,1
1773419770464,1773419770463,0
1773419770465,1773419770463,1
1773419770467,1773419770466,0
1773419770468,1773419770466,1
1773419770470,1773419770469,0
1773419770471,1773419770469,1
1773419770473,1773419770472,0
1773419770474,1773419770472,1
1773419770476,1773419770475,0
1773419770477,1773419770475,1
1773419770479,1773419770478,0
1773419770480,1773419770478,1
1773419770482,1773419770481,0
1773419770483,1773419770481,1
1773419770485,1773419770484,0
1773419770486,1773419770484,1
1773419770488,1773419770487,0
1773419770489,1773419770487,1
1773419770491,1773419770490,0
1773419770492,1773419770490,1
1773419770494,1773419770493,0
1773419770495,1773419770493,1
1773419770497,1773419770496,0
1773419770498,1773419770496,1
1773419770500,1773419770499,0
1773419770501,1773419770499,1
1773419770503,1773419770502,0
1773419770504,1773419770502,1
1773419770506,1773419770505,0
1773419770507,1773419770505,1
1773419770509,1773419770508,0
1773419770510,1773419770508,1
1773419770512,1773419770511,0
1773419770513,1773419770511,1
1773419770515,1773419770514,0
1773419770516,1773419770514,1
1773419770518,1773419770517,0
1773419770519,1773419770517,1
1773419770521,1773419770520,0
1773419770522,1773419770520,1
1773419770524,1773419770523,0
1773419770525,1773419770523,1
1773419770527,1773419770526,0
1773419770528,1773419770526,1
1773419770530,1773419770529,0
1773419770531,1773419770529,1
1773419770533,1773419770532,0
1773419770534,1773419770532,1
1773419770536,1773419770535,0
1773419770537,1773419770535,1
1773419770539,1773419770538,0
1773419770540,1773419770538,1
1773419770542,1773419770541,0
1773419770543,1773419770541,1
1773419770545,1773419770544,0
1773419770546,1773419770544,1
1773419770548,1773419770547,0
1773419770549,1773419770547,1
1773419770551,1773419770550,0
1773419770552,1773419770550,1
1773419770554,1773419770553,0
1773419770555,1773419770553,1
1773419770557,1773419770556,0
1773419770558,1773419770556,1
1773419770560,1773419770559,0
1773419770561,1773419770559,1
1773419770563,1773419770562,0
1773419770564,1773419770562,1
1773419770566,1773419770565,0
1773419770567,1773419770565,1
1773419770569,1773419770568,0
1773419770570,1773419770568,1
1773419770572,1773419770571,0
1773419770573,1773419770571,1
1773419770575,1773419770574,0
1773419770576,1773419770574,1
1773419770578,1773419770577,0
1773419770579,1773419770577,1
1773419770581,1773419770580,0
1773419770582,1773419770580,1
1773419770584,1773419770583,0
1773419770585,1773419770583,1
1773419770587,1773419770586,0
1773419770588,1773419770586,1
1773419770590,1773419770589,0
1773419770591,1773419770589,1
1773419770593,1773419770592,0
1773419770594,1773419770592,1
1773419770596,1773419770595,0
1773419770597,1773419770595,1
1773419770599,1773419770598,0
1773419770600,1773419770598,1
1773419770602,1773419770601,0
1773419770603,1773419770601,1
1773419770605,1773419770604,0
1773419770606,1773419770604,1
1773419770608,1773419770607,0
1773419770609,1773419770607,1
1773419770611,1773419770610,0
1773419770612,1773419770610,1
1773419770614,1773419770613,0
1773419770615,1773419770613,1
1773419770617,1773419770616,0
1773419770618,1773419770616,1
1773419770620,1773419770619,0
1773419770621,1773419770619,1
1773419770623,1773419770622,0
1773419770624,1773419770622,1
1773419770626,1773419770625,0
1773419770627,1773419770625,1
1773419770629,1773419770628,0
1773419770630,1773419770628,1
1773419770632,1773419770631,0
1773419770633,1773419770631,1
1773419770635,1773419770634,0
1773419770636,1773419770634,1
1773419770638,1773419770637,0
1773419770639,1773419770637,1
1773419770641,1773419770640,0
1773419770642,1773419770640,1
1773419770644,1773419770643,0
1773419770645,1773419770643,1
1773419770647,1773419770646,0
1773419770648,1773419770646,1
1773419770650,1773419770649,0
1773419770651,1773419770649,1
1773419770653,1773419770652,0
1773419770654,1773419770652,1
1773419770656,1773419770655,0
1773419770657,1773419770655,1
1773419770659,1773419770658,0
1773419770660,1773419770658,1
1773419770662,1773419770661,0
1773419770663,1773419770661,1
1773419770665,1773419770664,0
1773419770666,1773419770664,1
1773419770668,1773419770667,0
1773419770669,1773419770667,1
1773419770671,1773419770670,0
1773419770672,1773419770670,1
1773419770674,1773419770673,0
1773419770675,1773419770673,1
1773419770677,1773419770676,0
1773419770678,1773419770676,1
1773419770680,1773419770679,0
1773419770681,1773419770679,1
1773419770683,1773419770682,0
1773419770684,1773419770682,1
1773419770686,1773419770685,0
1773419770687,1773419770685,1
1773419770689,1773419770688,0
1773419770690,1773419770688,1
1773419770692,1773419770691,0
1773419770693,1773419770691,1
1773419770695,1773419770694,0
1773419770696,1773419770694,1
1773419770698,1773419770697,0
1773419770699,1773419770697,1
1773419770701,1773419770700,0
1773419770702,1773419770700,1
1773419770704,1773419770703,0
1773419770705,1773419770703,1
1773419770707,1773419770706,0
1773419770708,1773419770706,1
1773419770710,1773419770709,0
1773419770711,1773419770709,1
1773419770713,1773419770712,0
1773419770714,1773419770712,1
1773419770716,1773419770715,0
1773419770717,1773419770715,1
1773419770719,1773419770718,0
1773419770720,1773419770718,1
1773419770722,1773419770721,0
1773419770723,1773419770721,1
1773419770725,1773419770724,0
1773419770726,1773419770724,1
1773419770728,1773419770727,0
1773419770729,1773419770727,1
1773419770731,1773419770730,0
1773419770732,1773419770730,1
1773419770734,1773419770733,0
1773419770735,1773419770733,1
1773419770737,1773419770736,0
1773419770738,1773419770736,1
1773419770740,1773419770739,0
1773419770741,1773419770739,1
1773419770743,1773419770742,0
1773419770744,1773419770742,1
1773419770746,1773419770745,0
1773419770747,1773419770745,1
1773419770749,1773419770748,0
1773419770750,1773419770748,1
1773419770752,1773419770751,0
1773419770753,1773419770751,1
1773419770755,1773419770754,0
1773419770756,1773419770754,1
1773419770758,1773419770757,0
1773419770759,1773419770757,1
1773419770761,1773419770760,0
1773419770762,1773419770760,1
1773419770764,1773419770763,0
1773419770765,1773419770763,1
1773419770767,1773419770766,0
1773419770768,1773419770766,1
1773419770770,1773419770769,0
1773419770771,1773419770769,1
1773419770773,1773419770772,0
1773419770774,1773419770772,1
1773419770776,1773419770775,0
1773419770777,1773419770775,1
1773419770779,1773419770778,0
1773419770780,1773419770778,1
1773419770782,1773419770781,0
1773419770783,1773419770781,1
1773419770785,1773419770784,0
1773419770786,1773419770784,1
1773419770788,1773419770787,0
1773419770789,1773419770787,1
1773419770791,1773419770790,0
1773419770792,1773419770790,1
1773419770794,1773419770793,0
1773419770795,1773419770793,1
1773419770797,1773419770796,0
1773419770798,1773419770796,1
1773419770800,1773419770799,0
1773419770801,1773419770799,1
1773419770803,1773419770802,0
1773419770804,1773419770802,1
1773419770806,1773419770805,0
1773419770807,1773419770805,1
1773419770809,1773419770808,0
1773419770810,1773419770808,1
1773419770812,1773419770811,0
1773419770813,1773419770811,1
1773419770815,1773419770814,0
1773419770816,1773419770814,1
1773419770818,1773419770817,0
1773419770819,1773419770817,1
1773419770821,1773419770820,0
1773419770822,1773419770820,1
1773419770824,1773419770823,0
1773419770825,1773419770823,1
1773419770827,1773419770826,0
1773419770828,1773419770826,1
1773419770830,1773419770829,0
1773419770831,1773419770829,1
1773419770833,1773419770832,0
1773419770834,1773419770832,1
1773419770836,1773419770835,0
1773419770837,1773419770835,1
1773419770839,1773419770838,0
1773419770840,1773419770838,1
1773419770842,1773419770841,0
1773419770843,1773419770841,1
1773419770845,1773419770844,0
1773419770846,1773419770844,1
1773419770848,1773419770847,0
1773419770849,1773419770847,1
1773419770851,1773419770850,0
1773419770852,1773419770850,1
1773419770854,1773419770853,0
1773419770855,1773419770853,1
1773419770857,1773419770856,0
1773419770858,1773419770856,1
1773419770860,1773419770859,0
1773419770861,1773419770859,1
1773419770863,1773419770862,0
1773419770864,1773419770862,1
1773419770866,1773419770865,0
1773419770867,1773419770865,1
1773419770869,1773419770868,0
1773419770870,1773419770868,1
1773419770872,1773419770871,0
1773419770873,1773419770871,1
1773419770875,1773419770874,0
1773419770876,1773419770874,1
1773419770878,1773419770877,0
1773419770879,1773419770877,1
1773419770881,1773419770880,0
1773419770882,1773419770880,1
1773419770884,1773419770883,0
1773419770885,1773419770883,1
1773419770887,1773419770886,0
1773419770888,1773419770886,1
1773419770890,1773419770889,0
1773419770891,1773419770889,1
1773419770893,1773419770892,0
1773419770894,1773419770892,1
1773419770896,1773419770895,0
1773419770897,1773419770895,1
1773419770899,1773419770898,0
1773419770900,1773419770898,1
1773419770902,1773419770901,0
1773419770903,1773419770901,1
1773419770905,1773419770904,0
1773419770906,1773419770904,1
1773419770908,1773419770907,0
1773419770909,1773419770907,1
1773419770911,1773419770910,0
1773419770912,1773419770910,1
1773419770914,1773419770913,0
1773419770915,1773419770913,1
1773419770917,1773419770916,0
1773419770918,1773419770916,1
1773419770920,1773419770919,0
1773419770921,1773419770919,1
1773419770923,1773419770922,0
1773419770924,1773419770922,1
1773419770926,1773419770925,0
1773419770927,1773419770925,1
1773419770929,1773419770928,0
1773419770930,1773419770928,1
1773419770932,1773419770931,0
1773419770933,1773419770931,1
1773419770935,1773419770934,0
1773419770936,1773419770934,1
1773419770938,1773419770937,0
1773419770939,1773419770937,1
1773419770941,1773419770940,0
1773419770942,1773419770940,1
1773419770944,1773419770943,0
1773419770945,1773419770943,1
1773419770947,1773419770946,0
1773419770948,1773419770946,1
1773419770950,1773419770949,0
1773419770951,1773419770949,1
1773419770953,1773419770952,0
1773419770954,1773419770952,1
1773419770956,1773419770955,0
1773419770957,1773419770955,1
1773419770959,1773419770958,0
1773419770960,1773419770958,1
1773419770962,1773419770961,0
1773419770963,1773419770961,1
1773419770965,1773419770964,0
1773419770966,1773419770964,1
1773419770968,1773419770967,0
1773419770969,1773419770967,1
1773419770971,1773419770970,0
1773419770972,1773419770970,1
1773419770974,1773419770973,0
1773419770975,1773419770973,1
1773419770977,1773419770976,0
1773419770978,1773419770976,1
1773419770980,1773419770979,0
1773419770981,1773419770979,1
1773419770983,1773419770982,0
1773419770984,1773419770982,1
1773419770986,1773419770985,0
1773419770987,1773419770985,1
1773419770989,1773419770988,0
1773419770990,1773419770988,1
1773419770992,1773419770991,0
1773419770993,1773419770991,1
1773419770995,1773419770994,0
1773419770996,1773419770994,1
1773419770998,1773419770997,0
1773419770999,1773419770997,1
1773419771001,1773419771000,0
1773419771002,1773419771000,1
1773419771004,1773419771003,0
1773419771005,1773419771003,1
1773419771007,1773419771006,0
1773419771008,1773419771006,1
1773419771010,1773419771009,0
1773419771011,1773419771009,1
1773419771013,1773419771012,0
1773419771014,1773419771012,1
1773419771016,1773419771015,0
1773419771017,1773419771015,1
1773419771019,1773419771018,0
1773419771020,1773419771018,1
1773419771022,1773419771021,0
1773419771023,1773419771021,1
1773419771025,1773419771024,0
1773419771026,1773419771024,1
1773419771028,1773419771027,0
1773419771029,1773419771027,1
1773419771031,1773419771030,0
1773419771032,1773419771030,1
1773419771034,1773419771033,0
1773419771035,1773419771033,1
1773419771037,1773419771036,0
1773419771038,1773419771036,1
1773419771040,1773419771039,0
1773419771041,1773419771039,1
1773419771043,1773419771042,0
1773419771044,1773419771042,1
1773419771046,1773419771045,0
1773419771047,1773419771045,1
1773419771049,1773419771048,0
1773419771050,1773419771048,1
1773419771052,1773419771051,0
1773419771053,1773419771051,1
1773419771055,1773419771054,0
1773419771056,1773419771054,1
1773419771058,1773419771057,0
1773419771059,1773419771057,1
1773419771061,1773419771060,0
1773419771062,1773419771060,1
1773419771064,1773419771063,0
1773419771065,1773419771063,1
1773419771067,1773419771066,0
1773419771068,1773419771066,1
1773419771070,1773419771069,0
1773419771071,1773419771069,1
1773419771073,1773419771072,0
1773419771074,1773419771072,1
1773419771076,1773419771075,0
1773419771077,1773419771075,1
1773419771079,1773419771078,0
1773419771080,1773419771078,1
1773419771082,1773419771081,0
1773419771083,1773419771081,1
1773419771085,1773419771084,0
1773419771086,1773419771084,1
1773419771088,1773419771087,0
1773419771089,1773419771087,1
1773419771091,1773419771090,0
1773419771092,1773419771090,1
1773419771094,1773419771093,0
1773419771095,1773419771093,1
1773419771097,1773419771096,0
1773419771098,1773419771096,1
1773419771100,1773419771099,0
1773419771101,1773419771099,1
1773419771103,1773419771102,0
1773419771104,1773419771102,1
1773419771106,1773419771105,0
1773419771107,1773419771105,1
1773419771109,1773419771108,0
1773419771110,1773419771108,1
1773419771112,1773419771111,0
1773419771113,1773419771111,1
1773419771115,1773419771114,0
1773419771116,1773419771114,1
1773419771118,1773419771117,0
1773419771119,1773419771117,1
1773419771121,1773419771120,0
1773419771122,1773419771120,1
1773419771124,1773419771123,0
1773419771125,1773419771123,1
1773419771127,1773419771126,0
1773419771128,1773419771126,1
1773419771130,1773419771129,0
1773419771131,1773419771129,1
1773419771133,1773419771132,0
1773419771134,1773419771132,1
1773419771136,1773419771135,0
1773419771137,1773419771135,1
1773419771139,1773419771138,0
1773419771140,1773419771138,1
1773419771142,1773419771141,0
1773419771143,1773419771141,1
1773419771145,1773419771144,0
1773419771146,1773419771144,1
1773419771148,1773419771147,0
1773419771149,1773419771147,1
1773419771151,1773419771150,0
1773419771152,1773419771150,1
1773419771154,1773419771153,0
1773419771155,1773419771153,1
1773419771157,1773419771156,0
1773419771158,1773419771156,1
1773419771160,1773419771159,0
1773419771161,1773419771159,1
1773419771163,1773419771162,0
1773419771164,1773419771162,1
1773419771166,1773419771165,0
1773419771167,1773419771165,1
1773419771169,1773419771168,0
1773419771170,1773419771168,1
1773419771172,1773419771171,0
1773419771173,1773419771171,1
1773419771175,1773419771174,0
1773419771176,1773419771174,1
1773419771178,1773419771177,0
1773419771179,1773419771177,1
1773419771181,1773419771180,0
1773419771182,1773419771180,1
1773419771184,1773419771183,0
1773419771185,1773419771183,1
1773419771187,1773419771186,0
1773419771188,1773419771186,1
1773419771190,1773419771189,0
1773419771191,1773419771189,1
1773419771193,1773419771192,0
1773419771194,1773419771192,1
1773419771196,1773419771195,0
1773419771197,1773419771195,1
1773419771199,1773419771198,0
1773419771200,1773419771198,1
1773419771202,1773419771201,0
1773419771203,1773419771201,1
1773419771205,1773419771204,0
1773419771206,1773419771204,1
1773419771208,1773419771207,0
1773419771209,1773419771207,1
1773419771211,1773419771210,0
1773419771212,1773419771210,1
1773419771214,1773419771213,0
1773419771215,1773419771213,1
1773419771217,1773419771216,0
1773419771218,1773419771216,1
1773419771220,1773419771219,0
1773419771221,1773419771219,1
1773419771223,1773419771222,0
1773419771224,1773419771222,1
1773419771226,1773419771225,0
1773419771227,1773419771225,1
1773419771229,1773419771228,0
1773419771230,1773419771228,1
1773419771232,1773419771231,0
1773419771233,1773419771231,1
1773419771235,1773419771234,0
1773419771236,1773419771234,1
1773419771238,1773419771237,0
1773419771239,1773419771237,1
1773419771241,1773419771240,0
1773419771242,1773419771240,1
1773419771244,1773419771243,0
1773419771245,1773419771243,1
1773419771247,1773419771246,0
1773419771248,1773419771246,1
1773419771250,1773419771249,0
1773419771251,1773419771249,1
1773419771253,1773419771252,0
1773419771254,1773419771252,1
1773419771256,1773419771255,0
1773419771257,1773419771255,1
1773419771259,1773419771258,0
1773419771260,1773419771258,1
1773419771262,1773419771261,0
1773419771263,1773419771261,1
1773419771265,1773419771264,0
1773419771266,1773419771264,1
1773419771268,1773419771267,0
1773419771269,1773419771267,1
1773419771271,1773419771270,0
1773419771272,1773419771270,1
1773419771274,1773419771273,0
1773419771275,1773419771273,1
1773419771277,1773419771276,0
1773419771278,1773419771276,1
1773419771280,1773419771279,0
1773419771281,1773419771279,1
1773419771283,1773419771282,0
1773419771284,1773419771282,1
1773419771286,1773419771285,0
1773419771287,1773419771285,1
1773419771289,1773419771288,0
1773419771290,1773419771288,1
1773419771292,1773419771291,0
1773419771293,1773419771291,1
1773419771295,1773419771294,0
1773419771296,1773419771294,1
1773419771298,1773419771297,0
1773419771299,1773419771297,1
1773419771301,1773419771300,0
1773419771302,1773419771300,1
1773419771304,1773419771303,0
1773419771305,1773419771303,1
1773419771307,1773419771306,0
1773419771308,1773419771306,1
1773419771310,1773419771309,0
1773419771311,1773419771309,1
1773419771313,1773419771312,0
1773419771314,1773419771312,1
1773419771316,1773419771315,0
1773419771317,1773419771315,1
1773419771319,1773419771318,0
1773419771320,1773419771318,1
1773419771322,1773419771321,0
1773419771323,1773419771321,1
1773419771325,1773419771324,0
1773419771326,1773419771324,1
1773419771328,1773419771327,0
1773419771329,1773419771327,1
1773419771331,1773419771330,0
1773419771332,1773419771330,1
1773419771334,1773419771333,0
1773419771335,1773419771333,1
1773419771337,1773419771336,0
1773419771338,1773419771336,1
1773419771340,1773419771339,0
1773419771341,1773419771339,1
1773419771343,1773419771342,0
1773419771344,1773419771342,1
1773419771346,1773419771345,0
1773419771347,1773419771345,1
1773419771349,1773419771348,0
1773419771350,1773419771348,1
1773419771352,1773419771351,0
1773419771353,1773419771351,1
1773419771355,1773419771354,0
1773419771356,1773419771354,1
1773419771358,1773419771357,0
1773419771359,1773419771357,1
1773419771361,1773419771360,0
1773419771362,1773419771360,1
1773419771364,1773419771363,0
1773419771365,1773419771363,1
1773419771367,1773419771366,0
1773419771368,1773419771366,1
1773419771370,1773419771369,0
1773419771371,1773419771369,1
1773419771373,1773419771372,0
1773419771374,1773419771372,1
1773419771376,1773419771375,0
1773419771377,1773419771375,1
1773419771379,1773419771378,0
1773419771380,1773419771378,1
1773419771382,1773419771381,0
1773419771383,1773419771381,1
1773419771385,1773419771384,0
1773419771386,1773419771384,1
1773419771388,1773419771387,0
1773419771389,1773419771387,1
1773419771391,1773419771390,0
1773419771392,1773419771390,1
1773419771394,1773419771393,0
1773419771395,1773419771393,1
1773419771397,1773419771396,0
1773419771398,1773419771396,1
1773419771400,1773419771399,0
1773419771401,1773419771399,1
1773419771403,1773419771402,0
1773419771404,1773419771402,1
1773419771406,1773419771405,0
1773419771407,1773419771405,1
1773419771409,1773419771408,0
1773419771410,1773419771408,1
1773419771412,1773419771411,0
1773419771413,1773419771411,1
1773419771415,1773419771414,0
1773419771416,1773419771414,1
1773419771418,1773419771417,0
1773419771419,1773419771417,1
1773419771421,1773419771420,0
1773419771422,1773419771420,1
1773419771424,1773419771423,0
1773419771425,1773419771423,1
1773419771427,1773419771426,0
1773419771428,1773419771426,1
1773419771430,1773419771429,0
1773419771431,1773419771429,1
1773419771433,1773419771432,0
1773419771434,1773419771432,1
1773419771436,1773419771435,0
1773419771437,1773419771435,1
1773419771439,1773419771438,0
1773419771440,1773419771438,1
1773419771442,1773419771441,0
1773419771443,1773419771441,1
1773419771445,1773419771444,0
1773419771446,1773419771444,1
1773419771448,1773419771447,0
1773419771449,1773419771447,1
1773419771451,1773419771450,0
1773419771452,1773419771450,1
1773419771454,1773419771453,0
1773419771455,1773419771453,1
1773419771457,1773419771456,0
1773419771458,1773419771456,1
1773419771460,1773419771459,0
1773419771461,1773419771459,1
1773419771463,1773419771462,0
1773419771464,1773419771462,1
1773419771466,1773419771465,0
1773419771467,1773419771465,1
1773419771469,1773419771468,0
1773419771470,1773419771468,1
1773419771472,1773419771471,0
1773419771473,1773419771471,1
1773419771475,1773419771474,0
1773419771476,1773419771474,1
1773419771478,1773419771477,0
1773419771479,1773419771477,1
1773419771481,1773419771480,0
1773419771482,1773419771480,1
1773419771484,1773419771483,0
1773419771485,1773419771483,1
1773419771487,1773419771486,0
1773419771488,1773419771486,1
1773419771490,1773419771489,0
1773419771491,1773419771489,1
1773419771493,1773419771492,0
1773419771494,1773419771492,1
1773419771496,1773419771495,0
1773419771497,1773419771495,1
1773419771499,1773419771498,0
1773419771500,1773419771498,1
1773419771502,1773419771501,0
1773419771503,1773419771501,1
1773419771505,1773419771504,0
1773419771506,1773419771504,1
1773419771508,1773419771507,0
1773419771509,1773419771507,1
1773419771511,1773419771510,0
1773419771512,1773419771510,1
1773419771514,1773419771513,0
1773419771515,1773419771513,1
1773419771517,1773419771516,0
1773419771518,1773419771516,1
1773419771520,1773419771519,0
1773419771521,1773419771519,1
1773419771523,1773419771522,0
1773419771524,1773419771522,1
1773419771526,1773419771525,0
1773419771527,1773419771525,1
1773419771529,1773419771528,0
1773419771530,1773419771528,1
1773419771532,1773419771531,0
1773419771533,1773419771531,1
1773419771535,1773419771534,0
1773419771536,1773419771534,1
1773419771538,1773419771537,0
1773419771539,1773419771537,1
1773419771541,1773419771540,0
1773419771542,1773419771540,1
1773419771544,1773419771543,0
1773419771545,1773419771543,1
1773419771547,1773419771546,0
1773419771548,1773419771546,1
1773419771550,1773419771549,0
1773419771551,1773419771549,1
1773419771553,1773419771552,0
1773419771554,1773419771552,1
1773419771556,1773419771555,0
1773419771557,1773419771555,1
1773419771559,1773419771558,0
1773419771560,1773419771558,1
1773419771562,1773419771561,0
1773419771563,1773419771561,1
1773419771565,1773419771564,0
1773419771566,1773419771564,1
1773419771568,1773419771567,0
1773419771569,1773419771567,1
1773419771571,1773419771570,0
1773419771572,1773419771570,1
1773419771574,1773419771573,0
1773419771575,1773419771573,1
1773419771577,1773419771576,0
1773419771578,1773419771576,1
1773419771580,1773419771579,0
1773419771581,1773419771579,1
1773419771583,1773419771582,0
1773419771584,1773419771582,1
1773419771586,1773419771585,0
1773419771587,1773419771585,1
1773419771589,1773419771588,0
1773419771590,1773419771588,1
1773419771592,1773419771591,0
1773419771593,1773419771591,1
1773419771595,1773419771594,0
1773419771596,1773419771594,1
1773419771598,1773419771597,0
1773419771599,1773419771597,1
1773419771601,1773419771600,0
1773419771602,1773419771600,1
1773419771604,1773419771603,0
1773419771605,1773419771603,1
1773419771607,1773419771606,0
1773419771608,1773419771606,1
1773419771610,1773419771609,0
1773419771611,1773419771609,1
1773419771613,1773419771612,0
1773419771614,1773419771612,1
1773419771616,1773419771615,0
1773419771617,1773419771615,1
1773419771619,1773419771618,0
1773419771620,1773419771618,1
1773419771622,1773419771621,0
1773419771623,1773419771621,1
1773419771625,1773419771624,0
1773419771626,1773419771624,1
1773419771628,1773419771627,0
1773419771629,1773419771627,1
1773419771631,1773419771630,0
1773419771632,1773419771630,1
1773419771634,1773419771633,0
1773419771635,1773419771633,1
1773419771637,1773419771636,0
1773419771638,1773419771636,1
1773419771640,1773419771639,0
1773419771641,1773419771639,1
1773419771643,1773419771642,0
1773419771644,1773419771642,1
1773419771646,1773419771645,0
1773419771647,1773419771645,1
1773419771649,1773419771648,0
1773419771650,1773419771648,1
1773419771652,1773419771651,0
1773419771653,1773419771651,1
1773419771655,1773419771654,0
1773419771656,1773419771654,1
1773419771658,1773419771657,0
1773419771659,1773419771657,1
1773419771661,1773419771660,0
1773419771662,1773419771660,1
1773419771664,1773419771663,0
1773419771665,1773419771663,1
1773419771667,1773419771666,0
1773419771668,1773419771666,1
1773419771670,1773419771669,0
1773419771671,1773419771669,1
1773419771673,1773419771672,0
1773419771674,1773419771672,1
1773419771676,1773419771675,0
1773419771677,1773419771675,1
1773419771679,1773419771678,0
1773419771680,1773419771678,1
1773419771682,1773419771681,0
1773419771683,1773419771681,1
1773419771685,1773419771684,0
1773419771686,1773419771684,1
1773419771688,1773419771687,0
1773419771689,1773419771687,1
1773419771691,1773419771690,0
1773419771692,1773419771690,1
1773419771694,1773419771693,0
1773419771695,1773419771693,1
1773419771697,1773419771696,0
1773419771698,1773419771696,1
1773419771700,1773419771699,0
1773419771701,1773419771699,1
1773419771703,1773419771702,0
1773419771704,1773419771702,1
1773419771706,1773419771705,0
1773419771707,1773419771705,1
1773419771709,1773419771708,0
1773419771710,1773419771708,1
1773419771712,1773419771711,0
1773419771713,1773419771711,1
1773419771715,1773419771714,0
1773419771716,1773419771714,1
1773419771718,1773419771717,0
1773419771719,1773419771717,1
1773419771721,1773419771720,0
1773419771722,1773419771720,1
1773419771724,1773419771723,0
1773419771725,1773419771723,1
1773419771727,1773419771726,0
1773419771728,1773419771726,1
1773419771730,1773419771729,0
1773419771731,1773419771729,1
1773419771733,1773419771732,0
1773419771734,1773419771732,1
1773419771736,1773419771735,0
1773419771737,1773419771735,1
1773419771739,1773419771738,0
1773419771740,1773419771738,1
1773419771742,1773419771741,0
1773419771743,1773419771741,1
1773419771745,1773419771744,0
1773419771746,1773419771744,1
1773419771748,1773419771747,0
1773419771749,1773419771747,1
1773419771751,1773419771750,0
1773419771752,1773419771750,1
1773419771754,1773419771753,0
1773419771755,1773419771753,1
1773419771757,1773419771756,0
1773419771758,1773419771756,1
1773419771760,1773419771759,0
1773419771761,1773419771759,1
1773419771763,1773419771762,0
1773419771764,1773419771762,1
1773419771766,1773419771765,0
1773419771767,1773419771765,1
1773419771769,1773419771768,0
1773419771770,1773419771768,1
1773419771772,1773419771771,0
1773419771773,1773419771771,1
1773419771775,1773419771774,0
1773419771776,1773419771774,1
1773419771778,1773419771777,0
1773419771779,1773419771777,1
1773419771781,1773419771780,0
1773419771782,1773419771780,1
1773419771784,1773419771783,0
1773419771785,1773419771783,1
1773419771787,1773419771786,0
1773419771788,1773419771786,1
1773419771790,1773419771789,0
1773419771791,1773419771789,1
1773419771793,1773419771792,0
1773419771794,1773419771792,1
1773419771796,1773419771795,0
1773419771797,1773419771795,1
1773419771799,1773419771798,0
1773419771800,1773419771798,1
1773419771802,1773419771801,0
1773419771803,1773419771801,1
1773419771805,1773419771804,0
1773419771806,1773419771804,1
1773419771808,1773419771807,0
1773419771809,1773419771807,1
1773419771811,1773419771810,0
1773419771812,1773419771810,1
1773419771814,1773419771813,0
1773419771815,1773419771813,1
1773419771817,1773419771816,0
1773419771818,1773419771816,1
1773419771820,1773419771819,0
1773419771821,1773419771819,1
1773419771823,1773419771822,0
1773419771824,1773419771822,1
1773419771826,1773419771825,0
1773419771827,1773419771825,1
1773419771829,1773419771828,0
1773419771830,1773419771828,1
1773419771832,1773419771831,0
1773419771833,1773419771831,1
1773419771835,1773419771834,0
1773419771836,1773419771834,1
1773419771838,1773419771837,0
1773419771839,1773419771837,1
1773419771841,1773419771840,0
1773419771842,1773419771840,1
1773419771844,1773419771843,0
1773419771845,1773419771843,1
1773419771847,1773419771846,0
1773419771848,1773419771846,1
1773419771850,1773419771849,0
1773419771851,1773419771849,1
1773419771853,1773419771852,0
1773419771854,1773419771852,1
1773419771856,1773419771855,0
1773419771857,1773419771855,1
1773419771859,1773419771858,0
1773419771860,1773419771858,1
1773419771862,1773419771861,0
1773419771863,1773419771861,1
1773419771865,1773419771864,0
1773419771866,1773419771864,1
1773419771868,1773419771867,0
1773419771869,1773419771867,1
1773419771871,1773419771870,0
1773419771872,1773419771870,1
1773419771874,1773419771873,0
1773419771875,1773419771873,1
1773419771877,1773419771876,0
1773419771878,1773419771876,1
1773419771880,1773419771879,0
1773419771881,1773419771879,1
1773419771883,1773419771882,0
1773419771884,1773419771882,1
1773419771886,1773419771885,0
1773419771887,1773419771885,1
1773419771889,1773419771888,0
1773419771890,1773419771888,1
1773419771892,1773419771891,0
1773419771893,1773419771891,1
1773419771895,1773419771894,0
1773419771896,1773419771894,1
1773419771898,1773419771897,0
1773419771899,1773419771897,1
1773419771901,1773419771900,0
1773419771902,1773419771900,1
1773419771904,1773419771903,0
1773419771905,1773419771903,1
1773419771907,1773419771906,0
1773419771908,1773419771906,1
1773419771910,1773419771909,0
1773419771911,1773419771909,1
1773419771913,1773419771912,0
1773419771914,1773419771912,1
1773419771916,1773419771915,0
1773419771917,1773419771915,1
1773419771919,1773419771918,0
1773419771920,1773419771918,1
1773419771922,1773419771921,0
1773419771923,1773419771921,1
1773419771925,1773419771924,0
1773419771926,1773419771924,1
1773419771928,1773419771927,0
1773419771929,1773419771927,1
1773419771931,1773419771930,0
1773419771932,1773419771930,1
1773419771934,1773419771933,0
1773419771935,1773419771933,1
1773419771937,1773419771936,0
1773419771938,1773419771936,1
1773419771940,1773419771939,0
1773419771941,1773419771939,1
1773419771943,1773419771942,0
1773419771944,1773419771942,1
1773419771946,1773419771945,0
1773419771947,1773419771945,1
1773419771949,1773419771948,0
1773419771950,1773419771948,1
1773419771952,1773419771951,0
1773419771953,1773419771951,1
1773419771955,1773419771954,0
1773419771956,1773419771954,1
1773419771958,1773419771957,0
1773419771959,1773419771957,1
1773419771961,1773419771960,0
1773419771962,1773419771960,1
1773419771964,1773419771963,0
1773419771965,1773419771963,1
1773419771967,1773419771966,0
1773419771968,1773419771966,1
1773419771970,1773419771969,0
1773419771971,1773419771969,1
1773419771973,1773419771972,0
1773419771974,1773419771972,1
1773419771976,1773419771975,0
1773419771977,1773419771975,1
1773419771979,1773419771978,0
1773419771980,1773419771978,1
1773419771982,1773419771981,0
1773419771983,1773419771981,1
1773419771985,1773419771984,0
1773419771986,1773419771984,1
1773419771988,1773419771987,0
1773419771989,1773419771987,1
1773419771991,1773419771990,0
1773419771992,1773419771990,1
1773419771994,1773419771993,0
1773419771995,1773419771993,1
1773419771997,1773419771996,0
1773419771998,1773419771996,1
1773419772000,1773419771999,0
1773419772001,1773419771999,1
1773419772003,1773419772002,0
1773419772004,1773419772002,1
1773419772006,1773419772005,0
1773419772007,1773419772005,1
1773419772009,1773419772008,0
1773419772010,1773419772008,1
1773419772012,1773419772011,0
1773419772013,1773419772011,1
1773419772015,1773419772014,0
1773419772016,1773419772014,1
1773419772018,1773419772017,0
1773419772019,1773419772017,1
1773419772021,1773419772020,0
1773419772022,1773419772020,1
1773419772024,1773419772023,0
1773419772025,1773419772023,1
1773419772027,1773419772026,0
1773419772028,1773419772026,1
1773419772030,1773419772029,0
1773419772031,1773419772029,1
1773419772033,1773419772032,0
1773419772034,1773419772032,1
1773419772036,1773419772035,0
1773419772037,1773419772035,1
1773419772039,1773419772038,0
1773419772040,1773419772038,1
1773419772042,1773419772041,0
1773419772043,1773419772041,1
1773419772045,1773419772044,0
1773419772046,1773419772044,1
1773419772048,1773419772047,0
1773419772049,1773419772047,1
1773419772051,1773419772050,0
1773419772052,1773419772050,1
1773419772054,1773419772053,0
1773419772055,1773419772053,1
1773419772057,1773419772056,0
1773419772058,1773419772056,1
1773419772060,1773419772059,0
1773419772061,1773419772059,1
1773419772063,1773419772062,0
1773419772064,1773419772062,1
1773419772066,1773419772065,0
1773419772067,1773419772065,1
1773419772069,1773419772068,0
1773419772070,1773419772068,1
1773419772072,1773419772071,0
1773419772073,1773419772071,1
1773419772075,1773419772074,0
1773419772076,1773419772074,1
1773419772078,1773419772077,0
1773419772079,1773419772077,1
1773419772081,1773419772080,0
1773419772082,1773419772080,1
1773419772084,1773419772083,0
1773419772085,1773419772083,1
1773419772087,1773419772086,0
1773419772088,1773419772086,1
1773419772090,1773419772089,0
1773419772091,1773419772089,1
1773419772093,1773419772092,0
1773419772094,1773419772092,1
1773419772096,1773419772095,0
1773419772097,1773419772095,1
1773419772099,1773419772098,0
1773419772100,1773419772098,1
1773419772102,1773419772101,0
1773419772103,1773419772101,1
1773419772105,1773419772104,0
1773419772106,1773419772104,1
1773419772108,1773419772107,0
1773419772109,1773419772107,1
1773419772111,1773419772110,0
1773419772112,1773419772110,1
1773419772114,1773419772113,0
1773419772115,1773419772113,1
1773419772117,1773419772116,0
1773419772118,1773419772116,1
1773419772120,1773419772119,0
1773419772121,1773419772119,1
1773419772123,1773419772122,0
1773419772124,1773419772122,1
1773419772126,1773419772125,0
1773419772127,1773419772125,1
1773419772129,1773419772128,0
1773419772130,1773419772128,1
1773419772132,1773419772131,0
1773419772133,1773419772131,1
1773419772135,1773419772134,0
1773419772136,1773419772134,1
1773419772138,1773419772137,0
1773419772139,1773419772137,1
1773419772141,1773419772140,0
1773419772142,1773419772140,1
1773419772144,1773419772143,0
1773419772145,1773419772143,1
1773419772147,1773419772146,0
1773419772148,1773419772146,1
1773419772150,1773419772149,0
1773419772151,1773419772149,1
1773419772153,1773419772152,0
1773419772154,1773419772152,1
1773419772156,1773419772155,0
1773419772157,1773419772155,1
1773419772159,1773419772158,0
1773419772160,1773419772158,1
1773419772162,1773419772161,0
1773419772163,1773419772161,1
1773419772165,1773419772164,0
1773419772166,1773419772164,1
1773419772168,1773419772167,0
1773419772169,1773419772167,1
1773419772171,1773419772170,0
1773419772172,1773419772170,1
1773419772174,1773419772173,0
1773419772175,1773419772173,1
1773419772177,1773419772176,0
1773419772178,1773419772176,1
1773419772180,1773419772179,0
1773419772181,1773419772179,1
1773419772183,1773419772182,0
1773419772184,1773419772182,1
1773419772186,1773419772185,0
1773419772187,1773419772185,1
1773419772189,1773419772188,0
1773419772190,1773419772188,1
1773419772192,1773419772191,0
1773419772193,1773419772191,1
1773419772195,1773419772194,0
1773419772196,1773419772194,1
1773419772198,1773419772197,0
1773419772199,1773419772197,1
1773419772201,1773419772200,0
1773419772202,1773419772200,1
1773419772204,1773419772203,0
1773419772205,1773419772203,1
1773419772207,1773419772206,0
1773419772208,1773419772206,1
1773419772210,1773419772209,0
1773419772211,1773419772209,1
1773419772213,1773419772212,0
1773419772214,1773419772212,1
1773419772216,1773419772215,0
1773419772217,1773419772215,1
1773419772219,1773419772218,0
1773419772220,1773419772218,1
1773419772222,1773419772221,0
1773419772223,1773419772221,1
1773419772225,1773419772224,0
1773419772226,1773419772224,1
1773419772228,1773419772227,0
1773419772229,1773419772227,1
1773419772231,1773419772230,0
1773419772232,1773419772230,1
1773419772234,1773419772233,0
1773419772235,1773419772233,1
1773419772237,1773419772236,0
1773419772238,1773419772236,1
1773419772240,1773419772239,0
1773419772241,1773419772239,1
1773419772243,1773419772242,0
1773419772244,1773419772242,1
1773419772246,1773419772245,0
1773419772247,1773419772245,1
1773419772249,1773419772248,0
1773419772250,1773419772248,1
1773419772252,1773419772251,0
1773419772253,1773419772251,1
1773419772255,1773419772254,0
1773419772256,1773419772254,1
1773419772258,1773419772257,0
1773419772259,1773419772257,1
1773419772261,1773419772260,0
1773419772262,1773419772260,1
1773419772264,1773419772263,0
1773419772265,1773419772263,1
1773419772267,1773419772266,0
1773419772268,1773419772266,1
1773419772270,1773419772269,0
1773419772271,1773419772269,1
1773419772273,1773419772272,0
1773419772274,1773419772272,1
1773419772276,1773419772275,0
1773419772277,1773419772275,1
1773419772279,1773419772278,0
1773419772280,1773419772278,1
1773419772282,1773419772281,0
1773419772283,1773419772281,1
1773419772285,1773419772284,0
1773419772286,1773419772284,1
1773419772288,1773419772287,0
1773419772289,1773419772287,1
1773419772291,1773419772290,0
1773419772292,1773419772290,1
1773419772294,1773419772293,0
1773419772295,1773419772293,1
1773419772297,1773419772296,0
1773419772298,1773419772296,1
1773419772300,1773419772299,0
1773419772301,1773419772299,1
1773419772303,1773419772302,0
1773419772304,1773419772302,1
1773419772306,1773419772305,0
1773419772307,1773419772305,1
1773419772309,1773419772308,0
1773419772310,1773419772308,1
1773419772312,1773419772311,0
1773419772313,1773419772311,1
1773419772315,1773419772314,0
1773419772316,1773419772314,1
1773419772318,1773419772317,0
1773419772319,1773419772317,1
1773419772321,1773419772320,0
1773419772322,1773419772320,1
1773419772324,1773419772323,0
1773419772325,1773419772323,1
1773419772327,1773419772326,0
1773419772328,1773419772326,1
1773419772330,1773419772329,0
1773419772331,1773419772329,1
1773419772333,1773419772332,0
1773419772334,1773419772332,1
1773419772336,1773419772335,0
1773419772337,1773419772335,1
1773419772339,1773419772338,0
1773419772340,1773419772338,1
1773419772342,1773419772341,0
1773419772343,1773419772341,1
1773419772345,1773419772344,0
1773419772346,1773419772344,1
1773419772348,1773419772347,0
1773419772349,1773419772347,1
1773419772351,1773419772350,0
1773419772352,1773419772350,1
1773419772354,1773419772353,0
1773419772355,1773419772353,1
1773419772357,1773419772356,0
1773419772358,1773419772356,1
1773419772360,1773419772359,0
1773419772361,1773419772359,1
1773419772363,1773419772362,0
1773419772364,1773419772362,1
1773419772366,1773419772365,0
1773419772367,1773419772365,1
1773419772369,1773419772368,0
1773419772370,1773419772368,1
1773419772372,1773419772371,0
1773419772373,1773419772371,1
1773419772375,1773419772374,0
1773419772376,1773419772374,1
1773419772378,1773419772377,0
1773419772379,1773419772377,1
1773419772381,1773419772380,0
1773419772382,1773419772380,1
1773419772384,1773419772383,0
1773419772385,1773419772383,1
1773419772387,1773419772386,0
1773419772388,1773419772386,1
1773419772390,1773419772389,0
1773419772391,1773419772389,1
1773419772393,1773419772392,0
1773419772394,1773419772392,1
1773419772396,1773419772395,0
1773419772397,1773419772395,1
1773419772399,1773419772398,0
1773419772400,1773419772398,1
1773419772402,1773419772401,0
1773419772403,1773419772401,1
1773419772405,1773419772404,0
1773419772406,1773419772404,1
1773419772408,1773419772407,0
1773419772409,1773419772407,1
1773419772411,1773419772410,0
1773419772412,1773419772410,1
1773419772414,1773419772413,0
1773419772415,1773419772413,1
1773419772417,1773419772416,0
1773419772418,1773419772416,1
1773419772420,1773419772419,0
1773419772421,1773419772419,1
1773419772423,1773419772422,0
1773419772424,1773419772422,1
1773419772426,1773419772425,0
1773419772427,1773419772425,1
1773419772429,1773419772428,0
1773419772430,1773419772428,1
1773419772432,1773419772431,0
1773419772433,1773419772431,1
1773419772435,1773419772434,0
1773419772436,1773419772434,1
1773419772438,1773419772437,0
1773419772439,1773419772437,1
1773419772441,1773419772440,0
1773419772442,1773419772440,1
1773419772444,1773419772443,0
1773419772445,1773419772443,1
1773419772447,1773419772446,0
1773419772448,1773419772446,1
1773419772450,1773419772449,0
1773419772451,1773419772449,1
1773419772453,1773419772452,0
1773419772454,1773419772452,1
1773419772456,1773419772455,0
1773419772457,1773419772455,1
1773419772459,1773419772458,0
1773419772460,1773419772458,1
1773419772462,1773419772461,0
1773419772463,1773419772461,1
1773419772465,1773419772464,0
1773419772466,1773419772464,1
1773419772468,1773419772467,0
1773419772469,1773419772467,1
1773419772471,1773419772470,0
1773419772472,1773419772470,1
1773419772474,1773419772473,0
1773419772475,1773419772473,1
1773419772477,1773419772476,0
1773419772478,1773419772476,1
1773419772480,1773419772479,0
1773419772481,1773419772479,1
1773419772483,1773419772482,0
1773419772484,1773419772482,1
1773419772486,1773419772485,0
1773419772487,1773419772485,1
1773419772489,1773419772488,0
1773419772490,1773419772488,1
1773419772492,1773419772491,0
1773419772493,1773419772491,1
1773419772495,1773419772494,0
1773419772496,1773419772494,1
1773419772498,1773419772497,0
1773419772499,1773419772497,1
1773419772501,1773419772500,0
1773419772502,1773419772500,1
1773419772504,1773419772503,0
1773419772505,1773419772503,1
1773419772507,1773419772506,0
1773419772508,1773419772506,1
1773419772510,1773419772509,0
1773419772511,1773419772509,1
1773419772513,1773419772512,0
1773419772514,1773419772512,1
1773419772516,1773419772515,0
1773419772517,1773419772515,1
1773419772519,1773419772518,0
1773419772520,1773419772518,1
1773419772522,1773419772521,0
1773419772523,1773419772521,1
1773419772525,1773419772524,0
1773419772526,1773419772524,1
1773419772528,1773419772527,0
1773419772529,1773419772527,1
1773419772531,1773419772530,0
1773419772532,1773419772530,1
1773419772534,1773419772533,0
1773419772535,1773419772533,1
1773419772537,1773419772536,0
1773419772538,1773419772536,1
1773419772540,1773419772539,0
1773419772541,1773419772539,1
1773419772543,1773419772542,0
1773419772544,1773419772542,1
1773419772546,1773419772545,0
1773419772547,1773419772545,1
1773419772549,1773419772548,0
1773419772550,1773419772548,1
1773419772552,1773419772551,0
1773419772553,1773419772551,1
1773419772555,1773419772554,0
1773419772556,1773419772554,1
1773419772558,1773419772557,0
1773419772559,1773419772557,1
1773419772561,1773419772560,0
1773419772562,1773419772560,1
1773419772564,1773419772563,0
1773419772565,1773419772563,1
1773419772567,1773419772566,0
1773419772568,1773419772566,1
1773419772570,1773419772569,0
1773419772571,1773419772569,1
1773419772573,1773419772572,0
1773419772574,1773419772572,1
1773419772576,1773419772575,0
1773419772577,1773419772575,1
1773419772579,1773419772578,0
1773419772580,1773419772578,1
1773419772582,1773419772581,0
1773419772583,1773419772581,1
1773419772585,1773419772584,0
1773419772586,1773419772584,1
1773419772588,1773419772587,0
1773419772589,1773419772587,1
1773419772591,1773419772590,0
1773419772592,1773419772590,1
1773419772594,1773419772593,0
1773419772595,1773419772593,1
1773419772597,1773419772596,0
1773419772598,1773419772596,1
1773419772600,1773419772599,0
1773419772601,1773419772599,1
1773419772603,1773419772602,0
1773419772604,1773419772602,1
1773419772606,1773419772605,0
1773419772607,1773419772605,1
1773419772609,1773419772608,0
1773419772610,1773419772608,1
1773419772612,1773419772611,0
1773419772613,1773419772611,1
1773419772615,1773419772614,0
1773419772616,1773419772614,1
1773419772618,1773419772617,0
1773419772619,1773419772617,1
1773419772621,1773419772620,0
1773419772622,1773419772620,1
1773419772624,1773419772623,0
1773419772625,1773419772623,1
1773419772627,1773419772626,0
1773419772628,1773419772626,1
1773419772630,1773419772629,0
1773419772631,1773419772629,1
1773419772633,1773419772632,0
1773419772634,1773419772632,1
1773419772636,1773419772635,0
1773419772637,1773419772635,1
1773419772639,1773419772638,0
1773419772640,1773419772638,1
1773419772642,1773419772641,0
1773419772643,1773419772641,1
1773419772645,1773419772644,0
1773419772646,1773419772644,1
1773419772648,1773419772647,0
1773419772649,1773419772647,1
1773419772651,1773419772650,0
1773419772652,1773419772650,1
1773419772654,1773419772653,0
1773419772655,1773419772653,1
1773419772657,1773419772656,0
1773419772658,1773419772656,1
1773419772660,1773419772659,0
1773419772661,1773419772659,1
1773419772663,1773419772662,0
1773419772664,1773419772662,1
1773419772666,1773419772665,0
1773419772667,1773419772665,1
1773419772669,1773419772668,0
1773419772670,1773419772668,1
1773419772672,1773419772671,0
1773419772673,1773419772671,1
1773419772675,1773419772674,0
1773419772676,1773419772674,1
1773419772678,1773419772677,0
1773419772679,1773419772677,1
1773419772681,1773419772680,0
1773419772682,1773419772680,1
1773419772684,1773419772683,0
1773419772685,1773419772683,1
1773419772687,1773419772686,0
1773419772688,1773419772686,1
1773419772690,1773419772689,0
1773419772691,1773419772689,1
1773419772693,1773419772692,0
1773419772694,1773419772692,1
1773419772696,1773419772695,0
1773419772697,1773419772695,1
1773419772699,1773419772698,0
1773419772700,1773419772698,1
1773419772702,1773419772701,0
1773419772703,1773419772701,1
1773419772705,1773419772704,0
1773419772706,1773419772704,1
1773419772708,1773419772707,0
1773419772709,1773419772707,1
1773419772711,1773419772710,0
1773419772712,1773419772710,1
1773419772714,1773419772713,0
1773419772715,1773419772713,1
1773419772717,1773419772716,0
1773419772718,1773419772716,1
1773419772720,1773419772719,0
1773419772721,1773419772719,1
1773419772723,1773419772722,0
1773419772724,1773419772722,1
1773419772726,1773419772725,0
1773419772727,1773419772725,1
1773419772729,1773419772728,0
1773419772730,1773419772728,1
1773419772732,1773419772731,0
1773419772733,1773419772731,1
1773419772735,1773419772734,0
1773419772736,1773419772734,1
1773419772738,1773419772737,0
1773419772739,1773419772737,1
1773419772741,1773419772740,0
1773419772742,1773419772740,1
1773419772744,1773419772743,0
1773419772745,1773419772743,1
1773419772747,1773419772746,0
1773419772748,1773419772746,1
1773419772750,1773419772749,0
1773419772751,1773419772749,1
1773419772753,1773419772752,0
1773419772754,1773419772752,1
1773419772756,1773419772755,0
1773419772757,1773419772755,1
1773419772759,1773419772758,0
1773419772760,1773419772758,1
1773419772762,1773419772761,0
1773419772763,1773419772761,1
1773419772765,1773419772764,0
1773419772766,1773419772764,1
1773419772768,1773419772767,0
1773419772769,1773419772767,1
1773419772771,1773419772770,0
1773419772772,1773419772770,1
1773419772774,1773419772773,0
1773419772775,1773419772773,1
1773419772777,1773419772776,0
1773419772778,1773419772776,1
1773419772780,1773419772779,0
1773419772781,1773419772779,1
1773419772783,1773419772782,0
1773419772784,1773419772782,1
1773419772786,1773419772785,0
1773419772787,1773419772785,1
1773419772789,1773419772788,0
1773419772790,1773419772788,1
1773419772792,1773419772791,0
1773419772793,1773419772791,1
1773419772795,1773419772794,0
1773419772796,1773419772794,1
1773419772798,1773419772797,0
1773419772799,1773419772797,1
1773419772801,1773419772800,0
1773419772802,1773419772800,1
1773419772804,1773419772803,0
1773419772805,1773419772803,1
1773419772807,1773419772806,0
1773419772808,1773419772806,1
1773419772810,1773419772809,0
1773419772811,1773419772809,1
1773419772813,1773419772812,0
1773419772814,1773419772812,1
1773419772816,1773419772815,0
1773419772817,1773419772815,1
1773419772819,1773419772818,0
1773419772820,1773419772818,1
1773419772822,1773419772821,0
1773419772823,1773419772821,1
1773419772825,1773419772824,0
1773419772826,1773419772824,1
1773419772828,1773419772827,0
1773419772829,1773419772827,1
1773419772831,1773419772830,0
1773419772832,1773419772830,1
1773419772834,1773419772833,0
1773419772835,1773419772833,1
1773419772837,1773419772836,0
1773419772838,1773419772836,1
1773419772840,1773419772839,0
1773419772841,1773419772839,1
1773419772843,1773419772842,0
1773419772844,1773419772842,1
1773419772846,1773419772845,0
1773419772847,1773419772845,1
1773419772849,1773419772848,0
1773419772850,1773419772848,1
1773419772852,1773419772851,0
1773419772853,1773419772851,1
1773419772855,1773419772854,0
1773419772856,1773419772854,1
1773419772858,1773419772857,0
1773419772859,1773419772857,1
1773419772861,1773419772860,0
1773419772862,1773419772860,1
1773419772864,1773419772863,0
1773419772865,1773419772863,1
1773419772867,1773419772866,0
1773419772868,1773419772866,1
1773419772870,1773419772869,0
1773419772871,1773419772869,1
1773419772873,1773419772872,0
1773419772874,1773419772872,1
1773419772876,1773419772875,0
1773419772877,1773419772875,1
1773419772879,1773419772878,0
1773419772880,1773419772878,1
1773419772882,1773419772881,0
1773419772883,1773419772881,1
1773419772885,1773419772884,0
1773419772886,1773419772884,1
1773419772888,1773419772887,0
1773419772889,1773419772887,1
1773419772891,1773419772890,0
1773419772892,1773419772890,1
1773419772894,1773419772893,0
1773419772895,1773419772893,1
1773419772897,1773419772896,0
1773419772898,1773419772896,1
1773419772900,1773419772899,0
1773419772901,1773419772899,1
1773419772903,1773419772902,0
1773419772904,1773419772902,1
1773419772906,1773419772905,0
1773419772907,1773419772905,1
1773419772909,1773419772908,0
1773419772910,1773419772908,1
1773419772912,1773419772911,0
1773419772913,1773419772911,1
1773419772915,1773419772914,0
1773419772916,1773419772914,1
1773419772918,1773419772917,0
1773419772919,1773419772917,1
1773419772921,1773419772920,0
1773419772922,1773419772920,1
1773419772924,1773419772923,0
1773419772925,1773419772923,1
1773419772927,1773419772926,0
1773419772928,1773419772926,1
1773419772930,1773419772929,0
1773419772931,1773419772929,1
1773419772933,1773419772932,0
1773419772934,1773419772932,1
1773419772936,1773419772935,0
1773419772937,1773419772935,1
1773419772939,1773419772938,0
1773419772940,1773419772938,1
1773419772942,1773419772941,0
1773419772943,1773419772941,1
1773419772945,1773419772944,0
1773419772946,1773419772944,1
1773419772948,1773419772947,0
1773419772949,1773419772947,1
1773419772951,1773419772950,0
1773419772952,1773419772950,1
1773419772954,1773419772953,0
1773419772955,1773419772953,1
1773419772957,1773419772956,0
1773419772958,1773419772956,1
1773419772960,1773419772959,0
1773419772961,1773419772959,1
1773419772963,1773419772962,0
1773419772964,1773419772962,1
1773419772966,1773419772965,0
1773419772967,1773419772965,1
1773419772969,1773419772968,0
1773419772970,1773419772968,1
1773419772972,1773419772971,0
1773419772973,1773419772971,1
1773419772975,1773419772974,0
1773419772976,1773419772974,1
1773419772978,1773419772977,0
1773419772979,1773419772977,1
1773419772981,1773419772980,0
1773419772982,1773419772980,1
1773419772984,1773419772983,0
1773419772985,1773419772983,1
1773419772987,1773419772986,0
1773419772988,1773419772986,1
1773419772990,1773419772989,0
1773419772991,1773419772989,1
1773419772993,1773419772992,0
1773419772994,1773419772992,1
1773419772996,1773419772995,0
1773419772997,1773419772995,1
1773419772999,1773419772998,0
1773419773000,1773419772998,1
1773419773002,1773419773001,0
1773419773003,1773419773001,1
1773419773005,1773419773004,0
1773419773006,1773419773004,1
1773419773008,1773419773007,0
1773419773009,1773419773007,1
1773419773011,1773419773010,0
1773419773012,1773419773010,1
1773419773014,1773419773013,0
1773419773015,1773419773013,1
1773419773017,1773419773016,0
1773419773018,1773419773016,1
1773419773020,1773419773019,0
1773419773021,1773419773019,1
1773419773023,1773419773022,0
1773419773024,1773419773022,1
1773419773026,1773419773025,0
1773419773027,1773419773025,1
