anki_note_id,field_note_id,guid,mod
1773419770400,84886454452,mR2jhXpx|(,1773419770
1773419770403,84886454453,yB[iI/?$fy,1773419770
1773419770406,84886454454,k/eGO@YN##,1773419770
1773419770409,84886454455,PU?9]YZUH),1773419770
1773419770412,84886454456,f#^+0!Ln=k,1773419770
1773419770415,84886454457,Cp}W-Z3tP+,1773419770
1773419770418,84886454458,"z2D~BCp,4O",1773419770
1773419770421,84886454459,be*sn^Z(/@,1773419770
1773419770424,84886454460,"sTWT;[,zRP",1773419770
1773419770427,84886454461,oQH:0RSzgD,1773419770
1773419770430,84886454462,fiIa|8UA&9,1773419770
1773419770433,84886454463,H0V6=_i1x4,1773419770
1773419770436,84886454464,NQQnino.VQ,1773419770
1773419770439,84886454465,"LTuxGTUC,7",1773419770
1773419770442,84886454466,w39=*Bf*IF,1773419770
1773419770445,84886454467,xA#XF1TWVb,1773419770
1773419770448,84886454468,NWk@jNTg#g,1773419770
1773419770451,84886454469,Q-z4@`}Csk,1773419770
1773419770454,84886454470,JdM`#YU8Fu,1773419770
1773419770457,84886454471,yqUsF$[hE7,1773419770
1773419770460,84886454472,e7C<!YnaG[,1773419770
1773419770463,84886454473,GUzB1Xjit_,1773419770
1773419770466,84886454474,qd^`rGCWa6,1773419770
1773419770469,84886454475,PRSO&a]G9v,1773419770
1773419770472,84886454476,Oj36tXds&n,1773419770
1773419770475,84886454477,OGERmS=~S&,1773419770
1773419770478,84886454478,"rGSm,.CUQ@",1773419770
1773419770481,84886454479,"w,kX/gMfwY",1773419770
1773419770484,84886454480,EqSBaO!UFh,1773419770
1773419770487,84886454481,dX.effsi~T,1773419770
1773419770490,84886454482,MS^)ZVYP-Z,1773419770
1773419770493,84886454483,I>;>%-PQ**,1773419770
1773419770496,84886454484,c>+zFmu0X},1773419770
1773419770499,84886454485,QNIa=Og&/*,1773419770
1773419770502,84886454486,hK)**z@%NL,1773419770
1773419770505,84886454487,Qo^R/!/+8Z,1773419770
1773419770508,84886454488,2P@srjEVM,1773419770
1773419770511,84886454489,w<H$z_T}}?,1773419770
1773419770514,84886454490,"fa4t,GmqaG",1773419770
1773419770517,84886454491,s.I~%H50A&,1773419770
1773419770520,84886454492,BrDqb#$g!b,1773419770
1773419770523,84886454493,P2*?Ne;$c2,1773419770
1773419770526,84886454494,"K|k>,q]*^i",1773419770
1773419770529,84886454495,et~WRG55Q%,1773419770
1773419770532,84886454496,C!Re*h6dlR,1773419770
1773419770535,84886454497,inr>.^I6I8,1773419770
1773419770538,84886454498,PbvF4WVX}e,1773419770
1773419770541,84886454499,exQqV6o68R,1773419770
1773419770544,84886454500,O<;#3.LchA,1773419770
1773419770547,84886454501,CPwqzb|ze],1773419770
1773419770550,84886454502,JHRGSTs|E+,1773419770
1773419770553,84886454503,"r4@-nf,&Sn",1773419770
1773419770556,84886454504,Q?.7x/qr2z,1773419770
1773419770559,84886454505,g/gG|%EqOF,1773419770
1773419770562,84886454506,lv/`z]+@[3,1773419770
1773419770565,84886454507,DSEX;Wsa8x,1773419770
1773419770568,84886454508,nya#&.twQG,1773419770
1773419770571,84886454509,I$W:+#x9DQ,1773419770
1773419770574,84886454510,DY/Sxq|8To,1773419770
1773419770577,84886454511,g/:9ZAj#i/,1773419770
1773419770580,84886454512,t/s{!!mdFN,1773419770
1773419770583,84886454513,qH$4659R^Z,1773419770
1773419770586,84886454514,nh5fTU.#<0,1773419770
1773419770589,84886454515,bb/E+yW?lM,1773419770
1773419770592,84886454516,y@Sxlg]_:6,1773419770
1773419770595,84886454517,HAPtI#y._r,1773419770
1773419770598,84886454518,x!zOw~[L:d,1773419770
1773419770601,84886454519,c]YN2)vie.,1773419770
1773419770604,84886454520,xds0imTikf,1773419770
1773419770607,84886454521,J-fV/~;7&X,1773419770
1773419770610,84886454522,vs(rsP#~QZ,1773419770
1773419770613,84886454523,"dQyel|&O,d",1773419770
1773419770616,84886454524,i3}ttt0S/O,1773419770
1773419770619,84886454525,bm3>AF0uqF,1773419770
1773419770622,84886454526,kwjL/]B~{T,1773419770
1773419770625,84886454527,KbvN!:D[b?,1773419770
1773419770628,84886454528,o(jHEJyt6F,1773419770
1773419770631,84886454529,"KN,t%}?LjN",1773419770
1773419770634,84886454530,GfrE|0Pg>U,1773419770
1773419770637,84886454531,z0VvTBGNzY,1773419770
1773419770640,84886454532,"j^=Z,>4B4}",1773419770
1773419770643,84886454533,l48Y|P`[d{,1773419770
1773419770646,84886454534,z)K3d((p8@,1773419770
1773419770649,84886454535,n491_7:w?[,1773419770
1773419770652,84886454536,n^;}!3^UNT,1773419770
1773419770655,84886454537,p2[l5xARP5,1773419770
1773419770658,84886454538,sNp{h6H09Z,1773419770
1773419770661,84886454539,K1D?<+LJlu,1773419770
1773419770664,84886454540,wGF`fGCO4@,1773419770
1773419770667,84886454541,s!L*r[[:Wn,1773419770
1773419770670,84886454542,GqQYFr6Z9:,1773419770
1773419770673,84886454543,JXhg^|6}7C,1773419770
1773419770676,84886454544,C~mqcS>nyd,1773419770
1773419770679,84886454545,r}F/>^U?Ik,1773419770
1773419770682,84886454546,RbAAE<(ND#,1773419770
1773419770685,84886454547,n](mVI!A^j,1773419770
1773419770688,84886454548,P3bK4IqnYz,1773419770
1773419770691,84886454549,"cfaB&,#Dwj",1773419770
1773419770694,84886454550,fIzdoDGE}],1773419770
1773419770697,84886454551,y!Y)xD8+R0,1773419770
1773419770700,84886454552,c.1b~+-K=@,1773419770
1773419770703,84886454553,Ng-5v!x0mK,1773419770
1773419770706,84886454554,bK~RQlNJDW,1773419770
1773419770709,84886454555,hV`d@LJz6w,1773419770
1773419770712,84886454556,J8y/(<&ht=,1773419770
1773419770715,84886454557,"M&x,),yO_Q",1773419770
1773419770718,84886454558,bm0Lq4Qr]^,1773419770
1773419770721,84886454559,Dz;!jGqkoI,1773419770
1773419770724,84886454560,fg..D{$^<q,1773419770
1773419770727,84886454561,h{gjadZ[<>,1773419770
1773419770730,84886454562,qk$wG#/F3U,1773419770
1773419770733,84886454563,CD_TF;Ni}0,1773419770
1773419770736,84886454564,zDB21x)Xv^,1773419770
1773419770739,84886454565,t9auFYDu};,1773419770
1773419770742,84886454566,AxJZ#Tm`D/,1773419770
1773419770745,84886454567,LD~J$=Io`e,1773419770
1773419770748,84886454568,J.<(s:a57(,1773419770
1773419770751,84886454569,Bhp<_d1tP$,1773419770
1773419770754,84886454570,"L~Vjur,^q<",1773419770
1773419770757,84886454571,Jd|~%OVxMz,1773419770
1773419770760,84886454572,K7TPYanqzZ,1773419770
1773419770763,84886454573,sbP4j$N(]Y,1773419770
1773419770766,84886454574,1#;|A^T!-,1773419770
1773419770769,84886454575,l1)/:T{-8P,1773419770
1773419770772,84886454576,y!fm)=[A8h,1773419770
1773419770775,84886454577,I=*fF91*JL,1773419770
1773419770778,84886454578,J1`estx9WY,1773419770
1773419770781,84886454579,jM~9:inMg3,1773419770
1773419770784,84886454580,f]KK<t/;bc,1773419770
1773419770787,84886454581,B^n5]d8oee,1773419770
1773419770790,84886454582,w1DW}3ULQj,1773419770
1773419770793,84886454583,FMR;z9c8`z,1773419770
1773419770796,84886454584,N;c#i+v*tu,1773419770
1773419770799,84886454585,CojQEEZtu/,1773419770
1773419770802,84886454586,qEEB6@|O3t,1773419770
1773419770805,84886454587,wo4$9T*xIG,1773419770
1773419770808,84886454588,ss];O^PJVA,1773419770
1773419770811,84886454589,oW>!z#-v4H,1773419770
1773419770814,84886454590,dOGZ4#LOf%,1773419770
1773419770817,84886454591,eBlw0>rr(D,1773419770
1773419770820,84886454592,E};Mwo{IyD,1773419770
1773419770823,84886454593,C9+t_Y)?|z,1773419770
1773419770826,84886454594,zO&v:`s;_O,1773419770
1773419770829,84886454595,"b,74I6d>2F",1773419770
1773419770832,84886454596,zVW3|6/B_#,1773419770
1773419770835,84886454597,v[).T$BUCI,1773419770
1773419770838,84886454598,Is&@lt-kWv,1773419770
1773419770841,84886454599,OAvbqR9:2.,1773419770
1773419770844,84886454600,ti-R^oAo|y,1773419770
1773419770847,84886454601,oSlsIdn+!(,1773419770
1773419770850,84886454604,KWqNkNO{/(,1773419770
1773419770853,84886454605,B;K_J;rhP<,1773419770
1773419770856,84886454606,jg!#DJaX$X,1773419770
1773419770859,84886454610,mFS<GhWpM=,1773419770
1773419770862,84886454611,BEBB3<1H/,1773419770
1773419770865,84886454612,f(IWunH1hr,1773419770
1773419770868,84886454613,LNONY&*]^A,1773419770
1773419770871,84886454614,I/Ao-yj{)Q,1773419770
1773419770874,84886454615,BL3TX)IjYf,1773419770
1773419770877,84886454616,wAke-ZZ9_x,1773419770
1773419770880,84886454617,uz&]K3T){B,1773419770
1773419770883,84886454618,tJ3g[]=i>`,1773419770
1773419770886,84886454619,M6@`myi:y|,1773419770
1773419770889,84886454620,eQtS{]=U5<,1773419770
1773419770892,84886454621,"t!l1m0X,p-",1773419770
1773419770895,84886454622,"rt,-&I@Www",1773419770
1773419770898,84886454623,N0&F?zM2;},1773419770
1773419770901,84886454624,qv:rke(XlM,1773419770
1773419770904,84886454625,C*L:!V#{}F,1773419770
1773419770907,84886454626,"u6F+ox|@;,",1773419770
1773419770910,84886454627,biP5|OaQV>,1773419770
1773419770913,84886454628,cxD58.^q_O,1773419770
1773419770916,84886454629,"J}zb,:VopF",1773419770
1773419770919,84886454630,"xv{(X,mT2}",1773419770
1773419770922,84886454631,"Q9j@p~x8,Y",1773419770
1773419770925,84886454632,M>2n]eY`Ot,1773419770
1773419770928,84886454633,wp?8J~.)s-,1773419770
1773419770931,84886454634,OuxsbG[B9?,1773419770
1773419770934,84886454635,c;`H;;(&.4,1773419770
1773419770937,84886454636,ysH.rsh>#=,1773419770
1773419770940,84886454637,CBhH-O}Y}R,1773419770
1773419770943,84886454638,Fd_7y1zo*z,1773419770
1773419770946,84886454639,BaG.Ylcb|J,1773419770
1773419770949,84886454640,vVK|6MG5R-,1773419770
1773419770952,84886454641,bQ4vf78ZGx,1773419770
1773419770955,84886454642,nUDyjn-wxQ,1773419770
1773419770958,84886454643,cUG#W_J*4A,1773419770
1773419770961,84886454644,"e]UK,d0:ti",1773419770
1773419770964,84886454645,OOy?MMU2H=,1773419770
1773419770967,84886454646,h-pgXVun/],1773419770
1773419770970,84886454647,nO4<+>mXk@,1773419770
1773419770973,84886454648,we;z9wSgmu,1773419770
1773419770976,84886454649,)f0?aA[W],1773419770
1773419770979,84886454650,P|FVdf)^S%,1773419770
1773419770982,84886454651,MdUj/nl|qc,1773419770
1773419770985,84886454652,"K=XAO3,rZL",1773419770
1773419770988,84886454653,d{kv/:yb5#,1773419770
1773419770991,84886454654,m5~?|3V-<-,1773419770
1773419770994,84886454655,AgUcqA+O6i,1773419770
1773419770997,84886454656,me880>e8ls,1773419770
1773419771000,84886454657,m<IR-_]&fl,1773419770
1773419771003,84886454658,lf$p0kSHIo,1773419770
1773419771006,84886454660,uodLW}b._t,1773419770
1773419771009,84886454661,LFUjF$[?/X,1773419770
1773419771012,84886454662,"HE?62if,{I",1773419770
1773419771015,84886454663,xZodDag+JC,1773419770
1773419771018,84886454664,y#RVFgQHXU,1773419770
1773419771021,84886454666,iT1C{K8&vR,1773419770
1773419771024,84886454667,eitB+^R57i,1773419770
1773419771027,84886454668,"i*XOR+C/,P",1773419770
1773419771030,84886454669,w7)5<2;RMW,1773419770
1773419771033,84886454670,r*GO@9J>sa,1773419770
1773419771036,84886454671,"l),Pk*;<4L",1773419770
1773419771039,84886454672,LY%d-M|AL>,1773419770
1773419771042,84886454673,"zJ#u_8sD,=",1773419770
1773419771045,84886454674,j_B{qxL7m>,1773419770
1773419771048,84886454675,zrWW<9]yV8,1773419770
1773419771051,84886454676,rGU5G]0T6c,1773419770
1773419771054,84886454677,L_d{>JB>*0,1773419770
1773419771057,84886454678,MZeFb?gXfn,1773419770
1773419771060,84886454679,J3pO[Qz+Kf,1773419770
1773419771063,84886454680,oU)MV~<;xa,1773419770
1773419771066,84886454681,C?~_UKS-}:,1773419770
1773419771069,84886454682,G$I/&+Y!VF,1773419770
1773419771072,84886454683,"B+BBV,Wu_)",1773419770
1773419771075,84886454684,"i.K!e>[N,M",1773419770
1773419771078,84886454685,IHz#A:TWRJ,1773419770
1773419771081,84886454686,m5LMVX*RAy,1773419770
1773419771084,84886454687,q#<6IctO45,1773419770
1773419771087,84886454688,r6ZIa1ycd,1773419770
1773419771090,84886454689,"B/,c^`b-Eg",1773419770
1773419771093,84886454690,xjsts}v0mW,1773419770
1773419771096,84886454691,"eU<,Hk1[o=",1773419770
1773419771099,84886454692,ESalk{8$JK,1773419770
1773419771102,84886454693,k`Nar=]x)>,1773419770
1773419771105,84886454694,oGCGXstav-,1773419770
1773419771108,84886454695,JkRzv<SH`&,1773419770
1773419771111,84886454696,"LQ,J:38HLV",1773419770
1773419771114,84886454697,uYQU-V33)M,1773419770
1773419771117,84886454698,B{QJ~eA^)^,1773419770
1773419771120,84886454699,c82Smcq;hr,1773419770
1773419771123,84886454700,"k8GTe,A#}[",1773419770
1773419771126,84886454701,"O7$,z)>5%|",1773419770
1773419771129,84886454702,j@D_!]~NF1,1773419770
1773419771132,84886454703,f~X-}%W./A,1773419770
1773419771135,84886454704,EO[%2T0evU,1773419770
1773419771138,84886454705,"wJ,/5d+~:i",1773419770
1773419771141,84886454706,doPRJT!7$),1773419770
1773419771144,84886454707,QrcQP$irmT,1773419770
1773419771147,84886454708,EtAtWu~sj$,1773419770
1773419771150,84886454709,j.G4up6Y.f,1773419770
1773419771153,84886454710,"gl{,.?<6[B",1773419770
1773419771156,84886454711,Nmc-LFS)p>,1773419770
1773419771159,84886454712,hFWu55|<x[,1773419770
1773419771162,84886454713,tA$t12HDmg,1773419770
1773419771165,84886454714,Dg%nz`.B/g,1773419770
1773419771168,84886454715,m(rlFTn!rK,1773419770
1773419771171,84886454716,zWBm98qa6k,1773419770
1773419771174,84886454717,P*;kQ#c}YS,1773419770
1773419771177,84886454718,g$/}w+!rp7,1773419770
1773419771180,84886454719,A9KhX5yr`A,1773419770
1773419771183,84886454720,iaYUm&6o2d,1773419770
1773419771186,84886454721,oN#MJ&@e#N,1773419770
1773419771189,84886454722,v5<h5Uk$uW,1773419770
1773419771192,84886454723,oIHtW]bSeg,1773419770
1773419771195,84886454724,ou:]G&+_<X,1773419770
1773419771198,84886454725,"E2X,O`n8TQ",1773419770
1773419771201,84886454726,c)WWZD:N^6,1773419770
1773419771204,84886454727,jt~N^Dvd$A,1773419770
1773419771207,84886454728,rHE(R*@X[?,1773419770
1773419771210,84886454729,kY!J/6/%at,1773419770
1773419771213,84886454730,h!kr!c$WU2,1773419770
1773419771216,84886454731,"HhcNh,q95J",1773419770
1773419771219,84886454732,C8jE@Xjv]u,1773419770
1773419771222,84886454733,lRYK^stzC},1773419770
1773419771225,84886454734,rKCG?4M)H3,1773419770
1773419771228,84886454735,Ge<&VvhFiZ,1773419770
1773419771231,84886454736,G:KMA@g/;A,1773419770
1773419771234,84886454737,l[57`%k<EI,1773419770
1773419771237,84886454738,o{U>[Ob8G&,1773419770
1773419771240,84886454739,Bj])yb[=nT,1773419770
1773419771243,84886454740,yE-)t$B3%,1773419770
1773419771246,84886454741,fwCdqc-kjG,1773419770
1773419771249,84886454742,cCOS]Q^nsc,1773419770
1773419771252,84886454743,PLbOxWF3*a,1773419770
1773419771255,84886454744,f1svq5_gGp,1773419770
1773419771258,84886454745,sv3M6Bt.|j,1773419770
1773419771261,84886454746,wQ:/.Wb<l%,1773419770
1773419771264,84886454747,rFI%ea<<[6,1773419770
1773419771267,84886454748,wbcT(}f+Dh,1773419770
1773419771270,84886454749,p=m9KBcZ(W,1773419770
1773419771273,84886454750,NTKb]k$7jc,1773419770
1773419771276,84886454751,wkQW=r4Dk<,1773419770
1773419771279,84886454752,PEARZO`=Gu,1773419770
1773419771282,84886454753,c-H*{`a^Pm,1773419770
1773419771285,84886454754,iGP77s&nz{,1773419770
1773419771288,84886454755,B{+(%h?71Z,1773419770
1773419771291,84886454756,C77RE.n%Dj,1773419770
1773419771294,84886454757,m>V?>4d}BP,1773419770
1773419771297,84886454758,"f,O6C?PMfS",1773419770
1773419771300,84886454759,gyr-=i>(oG,1773419770
1773419771303,84886454760,O>uuY]7r(+,1773419770
1773419771306,84886454761,JjF#8b3~4s,1773419770
1773419771309,84886454762,v2ZE{w^8eq,1773419770
1773419771312,84886454763,CWU@NUoH!{,1773419770
1773419771315,84886454764,b(>**{6$S7,1773419770
1773419771318,84886454765,Qo(^F?6MOb,1773419770
1773419771321,84886454766,pOH*7GX)!k,1773419770
1773419771324,84886454767,"FbA{R&y$~,",1773419770
1773419771327,84886454768,cbq+tGZs?^,1773419770
1773419771330,84886454769,"w/#JbzJS,e",1773419770
1773419771333,84886454770,p.=721mz7c,1773419770
1773419771336,84886454771,qjPJyR(GS},1773419770
1773419771339,84886454772,vOBnas!@yg,1773419770
1773419771342,84886454773,k*!p9Yxb*d,1773419770
1773419771345,84886454774,"PZbtS[4[,f",1773419770
1773419771348,84886454775,b+k.B<jUc4,1773419770
1773419771351,84886454776,dhg22;5FO,1773419770
1773419771354,84886454777,Jp3w3`qfpe,1773419770
1773419771357,84886454778,O9e>-b~Ri<,1773419770
1773419771360,84886454779,"K,YwAIM_(|",1773419770
1773419771363,84886454780,"bSCfr,UIL^",1773419770
1773419771366,84886454781,G9@1EYO)^{,1773419770
1773419771369,84886454782,7*v.(A@oB,1773419770
1773419771372,84886454783,Lc[jghySb;,1773419770
1773419771375,84886454784,lnXL+nLgd0,1773419770
1773419771378,84886454785,g^;!#x$;3b,1773419770
1773419771381,84886454786,e#Qz~{kmdO,1773419770
1773419771384,84886454787,nVovQ[2`UA,1773419770
1773419771387,84886454788,r|fuHtW1RX,1773419770
1773419771390,84886454789,kZmB[YwU&Q,1773419770
1773419771393,84886454790,-%LsMXqbr,1773419770
1773419771396,84886454792,oGB6~Cwvr>,1773419770
1773419771399,84886454793,LU<MK?mqXj,1773419770
1773419771402,84886454794,GWU(q2]*F#,1773419770
1773419771405,84886454795,"j(,/D(&Jl}",1773419770
1773419771408,84886454796,nw&^ET(h}f,1773419770
1773419771411,84886454797,kxXMz|yXlM,1773419770
1773419771414,84886454798,M>^G[-f^Ud,1773419770
1773419771417,84886454799,n]MJI1>`YU,1773419770
1773419771420,84886454800,"Fy6/7|Ro,W",1773419770
1773419771423,84886454801,gTn;.{9boe,1773419770
1773419771426,84886454802,yL3R/#77:t,1773419770
1773419771429,84886454803,G*t17edH=1,1773419770
1773419771432,84886454804,"Nl*<ZxR,>O",1773419770
1773419771435,84886454805,InX[Odv_<(,1773419770
1773419771438,84886454806,N$&x%[7!ok,1773419770
1773419771441,84886454807,v>qs!zC@Y|,1773419770
1773419771444,84886454808,uzqs;gN8n#,1773419770
1773419771447,84886454809,D#ZF|T.ykY,1773419770
1773419771450,84886454810,u_ullC?TiL,1773419770
1773419771453,84886454811,D{/1d]0|!j,1773419770
1773419771456,84886454812,A]W?TF[WQ,1773419770
1773419771459,84886454813,pT?R$S[CZC,1773419770
1773419771462,84886454814,E6`tB~E?6),1773419770
1773419771465,84886454815,EXeYQEY<hp,1773419770
1773419771468,84886454816,x79[urnNP:,1773419770
1773419771471,84886454817,b2MWNV#c#$,1773419770
1773419771474,84886454818,n@9igBfT5x,1773419770
1773419771477,84886454819,~XK}qDow(,1773419770
1773419771480,84886454820,"fCBYRO/A,T",1773419770
1773419771483,84886454821,P5&H}==<$&,1773419770
1773419771486,84886454822,gp8.XS~m)/,1773419770
1773419771489,84886454823,qLkKM5ya/p,1773419770
1773419771492,84886454824,P28_H3}T)m,1773419770
1773419771495,84886454825,ba`t(1_LW:,1773419770
1773419771498,84886454827,HT<WRmu_Z9,1773419770
1773419771501,84886454828,AZqlDEee0o,1773419770
1773419771504,84886454829,Qx^zVt1e;u,1773419770
1773419771507,84886454830,Di*n.b{C@s,1773419770
1773419771510,84886454831,"PM,Eb?ZyQ-",1773419770
1773419771513,84886454832,g{TRfUeyf{,1773419770
1773419771516,84886454833,sJGIQrQ4x!,1773419770
1773419771519,84886454834,"ca,9EGk~`y",1773419770
1773419771522,84886454835,uJ3|?&/I-m,1773419770
1773419771525,84886454837,m/DVM:b-eE,1773419770
1773419771528,84886454839,g{8_Kp[_#?,1773419770
1773419771531,84886454840,KiQV8o~Wv8,1773419770
1773419771534,84886454841,d3heO^KZ^>,1773419770
1773419771537,84886454842,tZup05eyTS,1773419770
1773419771540,84886454843,"AA,NTz^Zg]",1773419770
1773419771543,84886454844,Oi#fD;A7#e,1773419770
1773419771546,84886454845,bK{X2j7w4_,1773419770
1773419771549,84886454846,Bj{6)EHn%9,1773419770
1773419771552,84886454847,d.pFz+^1T],1773419770
1773419771555,84886454848,P}vjww%r]Q,1773419770
1773419771558,84886454849,r?=3A{lpRR,1773419770
1773419771561,84886454850,"o,aV1?[D(#",1773419770
1773419771564,84886454851,c=W$p<?{g4,1773419770
1773419771567,84886454852,cgt?Of4>bf,1773419770
1773419771570,84886454853,EMqs4v7m+j,1773419770
1773419771573,84886454854,J<yQ3)xP%8,1773419770
1773419771576,84886454855,"w$Kct3t,q?",1773419770
1773419771579,84886454856,OKk1nHBTlh,1773419770
1773419771582,84886454857,h%gT#=tv3m,1773419770
1773419771585,84886454858,C5hzgkHpH=,1773419770
1773419771588,84886454859,F+EoRTyNZS,1773419770
1773419771591,84886454860,Q#aH|DCPdb,1773419770
1773419771594,84886454861,z2IX2i}y;J,1773419770
1773419771597,84886454862,CCO`pr.]t{,1773419770
1773419771600,84886454863,zx;s5N{L/<,1773419770
1773419771603,84886454864,kmq+zVk`LR,1773419770
1773419771606,84886454865,FE!f=To%Bd,1773419770
1773419771609,84886454866,Nu#F?IFeUn,1773419770
1773419771612,84886454867,Q6Ae_CLe[P,1773419770
1773419771615,84886454868,m=J+8e]qJ~,1773419770
1773419771618,84886454869,s!B1ZR^S#u,1773419770
1773419771621,84886454870,D}h6HH<xOh,1773419770
1773419771624,84886454871,)_UzPixC+,1773419770
1773419771627,84886454872,ryF6L0;b6<,1773419770
1773419771630,84886454873,"E7#9o/pP%,",1773419770
1773419771633,84886454874,gj.h+FJ:u^,1773419770
1773419771636,84886454875,B0Xk#OLPO8,1773419770
1773419771639,84886454876,OE$|sx`G3V,1773419770
1773419771642,84886454877,D^`gQtE<}Q,1773419770
1773419771645,84886454878,A<)4<DqZ0c,1773419770
1773419771648,84886454879,t)<&R29lp~,1773419770
1773419771651,84886454880,o>ix9!xBd4,1773419770
1773419771654,84886454881,kZC:rxKau*,1773419770
1773419771657,84886454882,xxARFr|sGI,1773419770
1773419771660,84886454883,N3M^VdHz?0,1773419770
1773419771663,84886454884,v-8v/3HDIw,1773419770
1773419771666,84886454885,Kb@%2hR~SB,1773419770
1773419771669,84886454886,t5=2vWTOcO,1773419770
1773419771672,84886454887,QwEJ*;JDsM,1773419770
1773419771675,84886454888,m-g%UbYy-R,1773419770
1773419771678,84886454889,tVHhj>SHzz,1773419770
1773419771681,84886454890,iL!JDik[.(,1773419770
1773419771684,84886454891,O[Q#8@9uQB,1773419770
1773419771687,84886454892,wDf-A02|-g,1773419770
1773419771690,84886454893,A[MQonCKm3,1773419770
1773419771693,84886454894,o{8?dx~._Z,1773419770
1773419771696,84886454895,ADFAjt+6J3,1773419770
1773419771699,84886454896,nAdLQq.0@4,1773419770
1773419771702,84886454897,"eYsz&,v9U?",1773419770
1773419771705,84886454898,CClX)ZVps:,1773419770
1773419771708,84886454899,EuqfdrhW3,1773419770
1773419771711,84886454900,v$PuHR/?#Q,1773419770
1773419771714,84886454901,v7.XCB5;&>,1773419770
1773419771717,84886454902,mo^1@DTae/,1773419770
1773419771720,84886454903,eeB*QV5v0o,1773419770
1773419771723,84886454904,c7?gEkE`mq,1773419770
1773419771726,84886454905,b(Cc*b3S6[,1773419770
1773419771729,84886454906,wOpNcpeZP|,1773419770
1773419771732,84886454907,vgO.`v$g4v,1773419770
1773419771735,84886454908,nA9aSXKa5>,1773419770
1773419771738,84886454909,"GJ!b,<>!b#",1773419770
1773419771741,84886454910,Ch4n;C[GV|,1773419770
1773419771744,84886454911,b<Ig^v;_aZ,1773419770
1773419771747,84886454912,wI&+7v@<lC,1773419770
1773419771750,84886454913,b+8&u9tI/*,1773419770
1773419771753,84886454914,mt<nKR#7j<,1773419770
1773419771756,84886454915,in:T)2V_{/,1773419770
1773419771759,84886454916,JMKPI]$m:P,1773419770
1773419771762,84886454917,mE(2e_`P#a,1773419770
1773419771765,84886454918,O}.W6SRoB=,1773419770
1773419771768,84886454919,cTUj4@#kD-,1773419770
1773419771771,84886454920,G!xv%0RE=q,1773419770
1773419771774,84886454921,y2@/z<yUAY,1773419770
1773419771777,84886454922,BjxqUCog+!,1773419770
1773419771780,84886454923,N=ch1EQ7{l,1773419770
1773419771783,84886454924,Q^*+SbA.%b,1773419770
1773419771786,84886454925,M8b;17Q]Z+,1773419770
1773419771789,84886454926,oB8?n30h1Y,1773419770
1773419771792,84886454927,vk|Rw_TuTs,1773419770
1773419771795,84886454928,ob1@Fhj0NP,1773419770
1773419771798,84886454929,G(J0mC{&8P,1773419770
1773419771801,84886454930,D.T*-lWCq=,1773419770
1773419771804,84886454931,P4_Go[kpID,1773419770
1773419771807,84886454932,t2tVA}}g-m,1773419770
1773419771810,84886454933,wg=1j:1}H|,1773419770
1773419771813,84886454934,OXIo!={~pT,1773419770
1773419771816,84886454935,"fuGC-_F,kW",1773419770
1773419771819,84886454936,ApYi!wJ-%(,1773419770
1773419771822,84886454937,dfWAC0NO9U,1773419770
1773419771825,84886454938,"uR5o6NXG,.",1773419770
1773419771828,84886454939,H%Rw009${U,1773419770
1773419771831,84886454940,Ksi-AJXoas,1773419770
1773419771834,84886454941,NJLQzv(*8V,1773419770
1773419771837,84886454942,MPTzU|~^Q`,1773419770
1773419771840,84886454943,"kQzmiJ:AI,",1773419770
1773419771843,84886454944,rO0DY$%{qI,1773419770
1773419771846,84886454945,fx-B@Sa0=x,1773419770
1773419771849,84886454946,f^AV8>2$zd,1773419770
1773419771852,84886454947,p=_jg5pwLu,1773419770
1773419771855,84886454948,k.Q(O{_r#%,1773419770
1773419771858,84886454949,kN^zyoL:rw,1773419770
1773419771861,84886454950,P.fdLDY(dV,1773419770
1773419771864,84886454951,v/QhM~Os89,1773419770
1773419771867,84886454952,Q53J*@HX)k,1773419770
1773419771870,84886454953,L{@I93pyWA,1773419770
1773419771873,84886454954,mh.}<eYtT^,1773419770
1773419771876,84886454955,hz<{DUtvCH,1773419770
1773419771879,84886454956,rs![VE_3<5,1773419770
1773419771882,84886454957,L-e/-XA!AU,1773419770
1773419771885,84886454958,bl>6i)JUms,1773419770
1773419771888,84886454959,Ijp~>h:/2l,1773419770
1773419771891,84886454960,r`5f*z3/02,1773419770
1773419771894,84886454961,k4Lq`k?EG/,1773419770
1773419771897,84886454962,N9y~y-e#;R,1773419770
1773419771900,84886454963,zJeIMRij2Z,1773419770
1773419771903,84886454964,sZ]R1j)/c<,1773419770
1773419771906,84886454965,vJSoqV6+`@,1773419770
1773419771909,84886454966,JqTQPCe}X/,1773419770
1773419771912,84886454967,Lt^$*WmEzR,1773419770
1773419771915,84886454968,B[n%6>D231,1773419770
1773419771918,84886454969,tVOcXLv&.9,1773419770
1773419771921,84886454970,IatW)%L(*#,1773419770
1773419771924,84886454971,"F>z,y|FfS_",1773419770
1773419771927,84886454972,fawD[198>U,1773419770
1773419771930,84886454973,sH!)2rS(0I,1773419770
1773419771933,84886454974,"d8g&84,m6o",1773419770
1773419771936,84886454975,f:TFIko{B*,1773419770
1773419771939,84886454976,w_S_qd`<$|,1773419770
1773419771942,84886454977,"A#c{&,Y~5$",1773419770
1773419771945,84886454978,vkig]r@/5&,1773419770
1773419771948,84886454979,C:SuG3]R.>,1773419770
1773419771951,84886454981,q1AU/l!lXE,1773419770
1773419771954,84886454982,DUj(!`VkE|,1773419770
1773419771957,84886454983,KPiPM{xz|A,1773419770
1773419771960,84886454984,t`$WH.A`er,1773419770
1773419771963,84886454985,J(37]|{8%E,1773419770
1773419771966,84886454986,bB0&Sty?#U,1773419770
1773419771969,84886454987,DO_]6rg_V#,1773419770
1773419771972,84886454988,m&-&}*JCUO,1773419770
1773419771975,84886454989,jW%AqWNb%V,1773419770
1773419771978,84886454990,"Qi?E,poZw_",1773419770
1773419771981,84886454991,FC{I*VJ.=.,1773419770
1773419771984,84886454992,N!yF0RJDgc,1773419770
1773419771987,84886454993,v5OH]={>jv,1773419770
1773419771990,84886454994,bNlNfz/lsX,1773419770
1773419771993,84886454995,quo%$2xWSq,1773419770
1773419771996,84886454996,FK5iNqE8[r,1773419770
1773419771999,84886454997,PkiFaG/((j,1773419770
1773419772002,84886454998,g/7Q7*LjmG,1773419770
1773419772005,84886454999,I-/p~V[h0i,1773419770
1773419772008,84886455000,I>v@vw6-4X,1773419770
1773419772011,84886455001,zA-rT<4WOu,1773419770
1773419772014,84886455002,GX2ucV[mi%,1773419770
1773419772017,84886455003,mI*K`kW^L`,1773419770
1773419772020,84886455004,J/M^HqpBlP,1773419770
1773419772023,84886455005,sb`q}jy&.d,1773419770
1773419772026,84886455006,i/XDm.;pdA,1773419770
1773419772029,84886455007,JZ0c<b~ALF,1773419770
1773419772032,84886455008,m[@a_3kTmj,1773419770
1773419772035,84886455009,pM7qICzkAQ,1773419770
1773419772038,84886455010,q_9e-?1C|P,1773419770
1773419772041,84886455011,t~9S|.}RA5,1773419770
1773419772044,84886455012,w`%5^WY)@g,1773419770
1773419772047,84886455013,N]W273KU75,1773419770
1773419772050,84886455014,O3PrJi!$Q,1773419770
1773419772053,84886455015,Qi^ftUd;VU,1773419770
1773419772056,84886455016,"dzf*4c3Sb,",1773419770
1773419772059,84886455017,tpkSBlxoR%,1773419770
1773419772062,84886455018,m;>oT^}6K_,1773419770
1773419772065,84886455019,flh}xSL|Pm,1773419770
1773419772068,84886455020,IK~Y`$Y<$f,1773419770
1773419772071,84886455021,im[Bu:Cw>h,1773419770
1773419772074,84886455022,e%y$NZsViC,1773419770
1773419772077,84886455023,v3*Sf9qGiq,1773419770
1773419772080,84886455024,A(MeP}Dzy5,1773419770
1773419772083,84886455025,"mEq#_[Q7,4",1773419770
1773419772086,84886455026,fVDSIY5fS+,1773419770
1773419772089,84886455027,tB`|#;W#_P,1773419770
1773419772092,84886455028,PWIGVafm(>,1773419770
1773419772095,84886455029,yV_PM}ME2z,1773419770
1773419772098,84886455030,L9$|9_xyJH,1773419770
1773419772101,84886455031,B^&fzh7yw_,1773419770
1773419772104,84886455032,H=jM!vV1Df,1773419770
1773419772107,84886455033,qn-}]vUF#C,1773419770
1773419772110,84886455034,iIWY:7b$8>,1773419770
1773419772113,84886455035,r:&J~i_?b@,1773419770
1773419772116,84886455036,"q-+0XG;7=,",1773419770
1773419772119,84886455037,x]3X<`tOf&,1773419770
1773419772122,84886455038,PG+Hw9e6d7,1773419770
1773419772125,84886455039,"t~,K(0xgV-",1773419770
1773419772128,84886455040,PdkP!?O`w.,1773419770
1773419772131,84886455041,"L>p,NwDr^!",1773419770
1773419772134,84886455042,"dmEmOX,RT-",1773419770
1773419772137,84886455043,N4uQ5pahJg,1773419770
1773419772140,84886455044,llCCNcn>~N,1773419770
1773419772143,84886455045,wM{g&/omZI,1773419770
1773419772146,84886455046,vz;U/MBQdf,1773419770
1773419772149,84886455047,yJdFbYE1ss,1773419770
1773419772152,84886455048,bN(Smh<7di,1773419770
1773419772155,84886455049,JXd1?khT;>,1773419770
1773419772158,84886455050,v1I0>}bYLi,1773419770
1773419772161,84886455051,"wG%A7,>[DP",1773419770
1773419772164,84886455052,qW_g-`[_[K,1773419770
1773419772167,84886455053,CWQz-JJFW3,1773419770
1773419772170,84886455054,QI)OwRiRcT,1773419770
1773419772173,84886455055,C1`n1Rc`%G,1773419770
1773419772176,84886455056,DF/z+;am!o,1773419770
1773419772179,84886455057,pq(1[0LhG1,1773419770
1773419772182,84886455058,Je8o!1-?q>,1773419770
1773419772185,84886455059,C7Yf*w>+wz,1773419770
1773419772188,84886455060,w$I2f/V4r),1773419770
1773419772191,84886455061,fMeg[31GH(,1773419770
1773419772194,84886455062,"FqDxGEv@,w",1773419770
1773419772197,84886455063,Qy6Xr)@g/9,1773419770
1773419772200,84886455064,eJ`hIZR@RB,1773419770
1773419772203,84886455065,s6yagD>Axj,1773419770
1773419772206,84886455066,tKK/a3W.M+,1773419770
1773419772209,84886455067,x/zTP7<am6,1773419770
1773419772212,84886455068,eI%79Z0k10,1773419770
1773419772215,84886455069,"s,-f=!G;>u",1773419770
1773419772218,84886455070,K@7$g6JfPk,1773419770
1773419772221,84886455071,NV(<8gD*QB,1773419770
1773419772224,84886455072,dGQ(<[JK2T,1773419770
1773419772227,84886455073,"QS![T/,e{S",1773419770
1773419772230,84886455074,nU@{x:@&nR,1773419770
1773419772233,84886455075,"yiZ2z;,@$.",1773419770
1773419772236,84886455076,hLo=`Hz;-%,1773419770
1773419772239,84886455077,nb9wo;zX^_,1773419770
1773419772242,84886455078,MckyCZUw*k,1773419770
1773419772245,84886455079,r#e2mB&gVm,1773419770
1773419772248,84886455080,M]sv6PCo9.,1773419770
1773419772251,84886455081,cVI$PCaI+-,1773419770
1773419772254,84886455082,"v=A,V]fi%g",1773419770
1773419772257,84886455083,G(X9_8}6%w,1773419770
1773419772260,84886455084,gDL:1K!z5U,1773419770
1773419772263,84886455085,E=*N4)|jp+,1773419770
1773419772266,84886455086,D3E>=n0f!=,1773419770
1773419772269,84886455087,Ox+*MxAVu:,1773419770
1773419772272,84886455088,AzQWJVhxeR,1773419770
1773419772275,84886455089,b=#+n=#r[;,1773419770
1773419772278,84886455090,LY%CD(/eCQ,1773419770
1773419772281,84886455091,m&kX=l=?no,1773419770
1773419772284,84886455092,v#kI[VNJ%^,1773419770
1773419772287,84886455095,bOcbZQJPL=,1773419770
1773419772290,84886455096,jHlP*-=JcQ,1773419770
1773419772293,84886455097,w~xXi9ba;/,1773419770
1773419772296,84886455098,"D:,SohD=X8",1773419770
1773419772299,84886455099,H&dr9yFM`&,1773419770
1773419772302,84886455100,Ddc*?%TN`g,1773419770
1773419772305,84886455101,f?KiY?e`qO,1773419770
1773419772308,84886455102,DqT{dh2P8=,1773419770
1773419772311,84886455103,t!jeYXxUK3,1773419770
1773419772314,84886455104,vU&q+yDO*X,1773419770
1773419772317,84886455105,b$tpxeg`ck,1773419770
1773419772320,84886455106,"PLLXi}&l,K",1773419770
1773419772323,84886455107,Fi/@pJJ^I3,1773419770
1773419772326,84886455108,I[S63u7yvJ,1773419770
1773419772329,84886455109,"n(?S,&|<X^",1773419770
1773419772332,84886455110,IDB~2^;f~h,1773419770
1773419772335,84886455111,Pq2L;je%~{,1773419770
1773419772338,84886455112,B2[IySSu5C,1773419770
1773419772341,84886455113,yi&+ISF9he,1773419770
1773419772344,84886455114,CO*sH;~XU%,1773419770
1773419772347,84886455115,FO}*kyw9XI,1773419770
1773419772350,84886455116,Hr_`ocy9P*,1773419770
1773419772353,84886455117,Fq2&v<L-hw,1773419770
1773419772356,84886455118,"OSO3w,y7%D",1773419770
1773419772359,84886455119,PeyAYuMV/<,1773419770
1773419772362,84886455120,r0vnt2gbU+,1773419770
1773419772365,84886455121,h5Ttq.jv+#,1773419770
1773419772368,84886455122,nFC6:nt#gu,1773419770
1773419772371,84886455123,dtx1eUCt$.,1773419770
1773419772374,84886455124,ANoHkp4-C},1773419770
1773419772377,84886455125,w*|T~|@x9p,1773419770
1773419772380,84886455126,cVJt/8^t$*,1773419770
1773419772383,84886455127,FeR%@vAufH,1773419770
1773419772386,84886455128,M_TX5n9MNz,1773419770
1773419772389,84886455129,"f,({j$-]<$",1773419770
1773419772392,84886455130,i(jksyY=`O,1773419770
1773419772395,84886455131,bQ*O2TfHhF,1773419770
1773419772398,84886455132,iwy-%c`|pK,1773419770
1773419772401,84886455133,gY8%2E)rNl,1773419770
1773419772404,84886455134,"e?*oy,GD._",1773419770
1773419772407,84886455135,Cth)g&[EtW,1773419770
1773419772410,84886455136,yj&1r5F|za,1773419770
1773419772413,84886455137,ll5o[1s:9f,1773419770
1773419772416,84886455138,EnB2Gk0JK2,1773419770
1773419772419,84886455139,L`rBq6;S*j,1773419770
1773419772422,84886455140,C;#0YGz5r{,1773419770
1773419772425,84886455141,A>b1!}]W;I,1773419770
1773419772428,84886455142,"KU|{&v,tz)",1773419770
1773419772431,84886455143,kA5=;G-Ge>,1773419770
1773419772434,84886455144,O)i=y]dp84,1773419770
1773419772437,84886455145,yy<!7i^.<J,1773419770
1773419772440,84886455146,q+kb.7qu=?,1773419770
1773419772443,84886455147,poN]?NI#?R,1773419770
1773419772446,84886455148,z_Lp#~rAt`,1773419770
1773419772449,84886455149,cB+#B`RG|f,1773419770
1773419772452,84886455150,OKe*/b/Y3Q,1773419770
1773419772455,84886455151,ew8@&yCAP2,1773419770
1773419772458,84886455152,QF~{JQg#GD,1773419770
1773419772461,84886455153,Bx<VOu`NnK,1773419770
1773419772464,84886455154,P%=>A~8]fb,1773419770
1773419772467,84886455155,l;/{wL~iUC,1773419770
1773419772470,84886455156,OW;s%Y/Lrz,1773419770
1773419772473,84886455157,ev1imAAQ=N,1773419770
1773419772476,84886455158,"r,Cc-_I:{T",1773419770
1773419772479,84886455159,Qi1l0<^~![,1773419770
1773419772482,84886455160,N_6]k|35[N,1773419770
1773419772485,84886455162,qZ4!onr^hE,1773419770
1773419772488,84886455163,j:pr]qI/0N,1773419770
1773419772491,84886455164,LS/UFk4[HT,1773419770
1773419772494,84886455165,"o/oI]BH,]c",1773419770
1773419772497,84886455166,cv3?Q4q&1?,1773419770
1773419772500,84886455167,PwZ6!4-hjg,1773419770
1773419772503,84886455168,K6>NWZ6$GZ,1773419770
1773419772506,84886455169,"D,}+zNU%l4",1773419770
1773419772509,84886455170,mTP)lfU*B,1773419770
1773419772512,84886455171,F@%siDyEjl,1773419770
1773419772515,84886455172,AUYmzXI;d_,1773419770
1773419772518,84886455173,CD#~n-HFIa,1773419770
1773419772521,84886455174,nXmbr21qay,1773419770
1773419772524,84886455175,sCy?)kk1I%,1773419770
1773419772527,84886455176,p~o+?}./JN,1773419770
1773419772530,84886455177,A3:A3bs~.R,1773419770
1773419772533,84886455178,"Jgky8M=],C",1773419770
1773419772536,84886455179,w$NGL%P>8Z,1773419770
1773419772539,84886455180,MMCAHuj;rB,1773419770
1773419772542,84886455181,M`lm><YJ/#,1773419770
1773419772545,84886455182,vBIk/4~@wU,1773419770
1773419772548,84886455183,vp@ee/j*Y0,1773419770
1773419772551,84886455184,sDs!H^MJ(),1773419770
1773419772554,84886455185,bJq[5mVR^3,1773419770
1773419772557,84886455186,kUG][vV+I-,1773419770
1773419772560,84886455187,"f>bH$,:+P9",1773419770
1773419772563,84886455188,"b5I,mXj3su",1773419770
1773419772566,84886455189,"K;TI@-q=,U",1773419770
1773419772569,84886455190,nq&Er&E6Gi,1773419770
1773419772572,84886455191,JAJmm/JOT[,1773419770
1773419772575,84886455192,cN0rVyla2s,1773419770
1773419772578,84886455193,"C$psjEW>#,",1773419770
1773419772581,84886455194,n%S=La4JYF,1773419770
1773419772584,84886455195,BKsQ)q$Pg5,1773419770
1773419772587,84886455196,dj#Y^~}$iv,1773419770
1773419772590,84886455197,qml1DRLRt,1773419770
1773419772593,84886455198,r(Fjz-y>4},1773419770
1773419772596,84886455199,"dH;9,5UfHo",1773419770
1773419772599,84886455200,FAsTnk|lkz,1773419770
1773419772602,84886455201,ESzFUNM45!,1773419770
1773419772605,84886455202,boFEjz4vRu,1773419770
1773419772608,84886455203,u2SIlmX_?8,1773419770
1773419772611,84886455204,E|ac%ba=p],1773419770
1773419772614,84886455205,KDN1(o|I6F,1773419770
1773419772617,84886455206,LZpJ~d~_0m,1773419770
1773419772620,84886455207,b.?Y?8#N;-,1773419770
1773419772623,84886455208,T)i?B)*J.,1773419770
1773419772626,84886455209,"JGt,1o}bo=",1773419770
1773419772629,84886455210,E>{LTH{Umc,1773419770
1773419772632,84886455211,x0XK8$rqv~,1773419770
1773419772635,84886455212,Jk$V[O^I}$,1773419770
1773419772638,84886455213,w1ZLq/?pTU,1773419770
1773419772641,84886455214,i:RBMZGeft,1773419770
1773419772644,84886455215,dS$b`WppSV,1773419770
1773419772647,84886455216,"E`2N=m}c,:",1773419770
1773419772650,84886455217,Oo]!vrRryw,1773419770
1773419772653,84886455218,u+p/`RMw%Z,1773419770
1773419772656,84886455219,i?|DLuIuY3,1773419770
1773419772659,84886455220,pcZ#q!s1{O,1773419770
1773419772662,84886455221,qqe.f>K{}t,1773419770
1773419772665,84886455222,HH/XUiBzvK,1773419770
1773419772668,84886455223,FDr3{|c/JQ,1773419770
1773419772671,84886455224,Q`_OmXph|4,1773419770
1773419772674,84886455225,y9Ee89`-{|,1773419770
1773419772677,84886455226,"BD9SEd&?,A",1773419770
1773419772680,84886455227,hr*:axC2]|,1773419770
1773419772683,84886455228,cx=2d2b4Ru,1773419770
1773419772686,84886455229,"I<j$.p,G(A",1773419770
1773419772689,84886455231,oF0F8/B<-^,1773419770
1773419772692,84886455232,"G5/rV]*+,n",1773419770
1773419772695,84886455233,w)^`335ikN,1773419770
1773419772698,84886455234,rX#|c~OD54,1773419770
1773419772701,84886455235,AejjnPs<yv,1773419770
1773419772704,84886455236,CLs_p.*[26,1773419770
1773419772707,84886455237,A8_hX_.VGf,1773419770
1773419772710,84886455238,AQ4*IEbyCM,1773419770
1773419772713,84886455239,IQOHV(ovif,1773419770
1773419772716,84886455240,wv?U*-rU6i,1773419770
1773419772719,84886455241,s%%6f[)1@},1773419770
1773419772722,84886455242,h.uO9b[RB),1773419770
1773419772725,84886455243,FN*zzc<tPs,1773419770
1773419772728,84886455244,"zMyyP,2m~@",1773419770
1773419772731,84886455245,p2os!=!Fki,1773419770
1773419772734,84886455246,N`f.^9W{oq,1773419770
1773419772737,84886455247,jzma*7{>L*,1773419770
1773419772740,84886455248,c`Xe}_vL;%,1773419770
1773419772743,84886455249,)gkA14+|),1773419770
1773419772746,84886455250,ciPZr[hDdO,1773419770
1773419772749,84886455251,uB1QhE{__),1773419770
1773419772752,84886455252,b;rsVI/?.l,1773419770
1773419772755,84886455253,HC/3y[pHK(,1773419770
1773419772758,84886455254,LP6bTiTEbB,1773419770
1773419772761,84886455255,vs>69;Six1,1773419770
1773419772764,84886455256,uhKF6t0NKM,1773419770
1773419772767,84886455257,eRRgp}E0w^,1773419770
1773419772770,84886455258,rMXd@Jb@|$,1773419770
1773419772773,84886455259,mD({3h)/?E,1773419770
1773419772776,84886455260,B*!EwBrIxW,1773419770
1773419772779,84886455261,IB&|EAn-`*,1773419770
1773419772782,84886455262,Ey%$d?%$M[,1773419770
1773419772785,84886455263,mNVY-|hj9F,1773419770
1773419772788,84887177161,Mg7[Jy5K?F,1773419770
1773419772791,84887177171,AuJ|5EB!&<,1773419770
1773419772794,84887177179,e#a1b}2:u6,1773419770
1773419772797,84887177190,"z]r1,*=rvX",1773419770
1773419772800,84887177192,"MSx,m{IVH5",1773419770
1773419772803,84887177193,N.}=F$S)/m,1773419770
1773419772806,84887177194,fF0g76f]i=,1773419770
1773419772809,84887177195,"uddC$dzm,b",1773419770
1773419772812,84887177196,zJ@K;7jQzU,1773419770
1773419772815,84887177198,Qw7zBZBJsR,1773419770
1773419772818,84887177199,PT}0|DowBD,1773419770
1773419772821,84887177200,y|vm*o<B.l,1773419770
1773419772824,84887177202,"uh[Mxh,7t3",1773419770
1773419772827,84887177203,J&5H3@Dwkg,1773419770
1773419772830,84887177204,AQrO=`u?J8,1773419770
1773419772833,84887177205,j#UiYyhB.p,1773419770
1773419772836,84887177206,PJ{dh]G^OI,1773419770
1773419772839,84887177207,FWWB:i[iFm,1773419770
1773419772842,84887177208,ej$)zU>3tS,1773419770
1773419772845,84887177209,Q</Xn+@8YY,1773419770
1773419772848,84887177210,"J,7L829x<g",1773419770
1773419772851,84887177211,DoiUz<}O{%,1773419770
1773419772854,84887177212,qP:}Pq%^Fw,1773419770
1773419772857,84887177213,oIRo$YdUoW,1773419770
1773419772860,84887177215,nt?R<[VSb+,1773419770
1773419772863,84887177216,f44:Wm_Z<q,1773419770
1773419772866,84887177217,H(sgSp}cUJ,1773419770
1773419772869,84887177218,K(>(uRE@|f,1773419770
1773419772872,84887177219,z0PPXy_$!A,1773419770
1773419772875,84887177220,tWkW((:#5U,1773419770
1773419772878,84887177221,Gp/2`JaLX9,1773419770
1773419772881,84887177222,y^tcIAdB5.,1773419770
1773419772884,84887177223,"uDC,[e4*[-",1773419770
1773419772887,84887177224,z?!&5AHpk),1773419770
1773419772890,84887177225,uxva%5ji}v,1773419770
1773419772893,84887177227,G4IG/OZDX0,1773419770
1773419772896,84887177228,C9ej.<]LVD,1773419770
1773419772899,84887177229,G6Fia;~5%B,1773419770
1773419772902,84887177230,nj0>)p2NBg,1773419770
1773419772905,84887177231,"k,qRLz#GH-",1773419770
1773419772908,84887177232,b<9a$o2-AP,1773419770
1773419772911,84887177233,MT74d2/<`C,1773419770
1773419772914,84887177234,EkyL|Xb$uZ,1773419770
1773419772917,84887177235,DcU4TL7JFn,1773419770
1773419772920,84887177236,vRHMf-*D6k,1773419770
1773419772923,84887177237,wfMas5>O|q,1773419770
1773419772926,84887177238,rFq4UJLw1z,1773419770
1773419772929,84887177239,yT+_R%>5Md,1773419770
1773419772932,84887177240,xBVM1[^E$:,1773419770
1773419772935,84887177241,cb]CAbmrO0,1773419770
1773419772938,84887177242,rC)&?yL&?-,1773419770
1773419772941,84887177243,JUPy<6oo-g,1773419770
1773419772944,84887177244,"E,}iXT0S9B",1773419770
1773419772947,84887177245,tAVf@3rhwp,1773419770
1773419772950,84887177246,fxU4OI[yU},1773419770
1773419772953,84887177247,tIcSIWd-;Z,1773419770
1773419772956,84887177248,GzQ^Q[#B(~,1773419770
1773419772959,84887177249,Reg8lO=un:,1773419770
1773419772962,84887177250,juU2{UAz-Z,1773419770
1773419772965,84887177251,"I%Q.%K,~(%",1773419770
1773419772968,84887177252,bY<JvglCUt,1773419770
1773419772971,84887177253,"MhX{~@M=,1",1773419770
1773419772974,84887177254,nI8xKW!3Vj,1773419770
1773419772977,84887177255,ftc9[B+>~q,1773419770
1773419772980,84887177256,E^eLbj2b$N,1773419770
1773419772983,84887177257,Km)@CK.9</,1773419770
1773419772986,84887177258,PoM|aEH|p3,1773419770
1773419772989,84887177259,IhD]yX|WBo,1773419770
1773419772992,84887177260,I4!_(n!;b;,1773419770
1773419772995,84887177261,M)fbOMw3?J,1773419770
1773419772998,84887177263,ksZ[l!6zR,1773419770
1773419773001,84887177265,Bww)2&+h&@,1773419770
1773419773004,84887177268,xW1U7cwY>&,1773419770
1773419773007,84887177269,quXwH3O)&%,1773419770
1773419773010,84887177270,jGJVtQ7QN_,1773419770
1773419773013,84887177271,s>2FbxSvw`,1773419770
1773419773016,84887177272,CfF`GQ>+Jg,1773419770
1773419773019,86187263997,IW=di9wm`#,1773419770
1773419773022,87762765053,Gn^DB]Bk!G,1773419770
1773419773025,848864551744,Q]?rEJM<w@,1773419770
